trial,sample,selector,rank,deficiency,full_rank
0,0,uniform,256,0,1
0,0,stratified_beta_0,255,1,0
0,0,guided,255,1,0
0,0,sequential,256,0,1
0,1,uniform,256,0,1
0,1,stratified_beta_0,256,0,1
0,1,guided,256,0,1
0,1,sequential,256,0,1
1,0,uniform,256,0,1
1,0,stratified_beta_0,256,0,1
1,0,guided,255,1,0
1,0,sequential,256,0,1
1,1,uniform,256,0,1
1,1,stratified_beta_0,256,0,1
1,1,guided,256,0,1
1,1,sequential,256,0,1
2,0,uniform,256,0,1
2,0,stratified_beta_0,256,0,1
2,0,guided,256,0,1
2,0,sequential,256,0,1
2,1,uniform,256,0,1
2,1,stratified_beta_0,256,0,1
2,1,guided,256,0,1
2,1,sequential,256,0,1
3,0,uniform,255,1,0
3,0,stratified_beta_0,256,0,1
3,0,guided,256,0,1
3,0,sequential,256,0,1
3,1,uniform,256,0,1
3,1,stratified_beta_0,256,0,1
3,1,guided,256,0,1
3,1,sequential,256,0,1
4,0,uniform,256,0,1
4,0,stratified_beta_0,255,1,0
4,0,guided,256,0,1
4,0,sequential,256,0,1
4,1,uniform,256,0,1
4,1,stratified_beta_0,256,0,1
4,1,guided,256,0,1
4,1,sequential,255,1,0
5,0,uniform,256,0,1
5,0,stratified_beta_0,256,0,1
5,0,guided,256,0,1
5,0,sequential,256,0,1
5,1,uniform,256,0,1
5,1,stratified_beta_0,256,0,1
5,1,guided,256,0,1
5,1,sequential,256,0,1
6,0,uniform,256,0,1
6,0,stratified_beta_0,256,0,1
6,0,guided,256,0,1
6,0,sequential,256,0,1
6,1,uniform,256,0,1
6,1,stratified_beta_0,256,0,1
6,1,guided,256,0,1
6,1,sequential,256,0,1
7,0,uniform,256,0,1
7,0,stratified_beta_0,256,0,1
7,0,guided,256,0,1
7,0,sequential,256,0,1
7,1,uniform,256,0,1
7,1,stratified_beta_0,256,0,1
7,1,guided,256,0,1
7,1,sequential,256,0,1
8,0,uniform,256,0,1
8,0,stratified_beta_0,256,0,1
8,0,guided,256,0,1
8,0,sequential,256,0,1
8,1,uniform,256,0,1
8,1,stratified_beta_0,256,0,1
8,1,guided,256,0,1
8,1,sequential,256,0,1
9,0,uniform,256,0,1
9,0,stratified_beta_0,256,0,1
9,0,guided,256,0,1
9,0,sequential,256,0,1
9,1,uniform,256,0,1
9,1,stratified_beta_0,256,0,1
9,1,guided,256,0,1
9,1,sequential,256,0,1
10,0,uniform,256,0,1
10,0,stratified_beta_0,256,0,1
10,0,guided,256,0,1
10,0,sequential,256,0,1
10,1,uniform,256,0,1
10,1,stratified_beta_0,256,0,1
10,1,guided,256,0,1
10,1,sequential,256,0,1
11,0,uniform,256,0,1
11,0,stratified_beta_0,256,0,1
11,0,guided,256,0,1
11,0,sequential,256,0,1
11,1,uniform,256,0,1
11,1,stratified_beta_0,256,0,1
11,1,guided,256,0,1
11,1,sequential,256,0,1
12,0,uniform,256,0,1
12,0,stratified_beta_0,256,0,1
12,0,guided,256,0,1
12,0,sequential,256,0,1
12,1,uniform,256,0,1
12,1,stratified_beta_0,256,0,1
12,1,guided,256,0,1
12,1,sequential,256,0,1
13,0,uniform,256,0,1
13,0,stratified_beta_0,256,0,1
13,0,guided,256,0,1
13,0,sequential,256,0,1
13,1,uniform,256,0,1
13,1,stratified_beta_0,256,0,1
13,1,guided,256,0,1
13,1,sequential,256,0,1
14,0,uniform,256,0,1
14,0,stratified_beta_0,256,0,1
14,0,guided,256,0,1
14,0,sequential,256,0,1
14,1,uniform,256,0,1
14,1,stratified_beta_0,256,0,1
14,1,guided,256,0,1
14,1,sequential,256,0,1
15,0,uniform,256,0,1
15,0,stratified_beta_0,256,0,1
15,0,guided,256,0,1
15,0,sequential,256,0,1
15,1,uniform,256,0,1
15,1,stratified_beta_0,256,0,1
15,1,guided,256,0,1
15,1,sequential,256,0,1
16,0,uniform,256,0,1
16,0,stratified_beta_0,256,0,1
16,0,guided,256,0,1
16,0,sequential,256,0,1
16,1,uniform,256,0,1
16,1,stratified_beta_0,256,0,1
16,1,guided,256,0,1
16,1,sequential,256,0,1
17,0,uniform,256,0,1
17,0,stratified_beta_0,256,0,1
17,0,guided,255,1,0
17,0,sequential,256,0,1
17,1,uniform,255,1,0
17,1,stratified_beta_0,256,0,1
17,1,guided,255,1,0
17,1,sequential,256,0,1
18,0,uniform,256,0,1
18,0,stratified_beta_0,256,0,1
18,0,guided,256,0,1
18,0,sequential,256,0,1
18,1,uniform,256,0,1
18,1,stratified_beta_0,255,1,0
18,1,guided,256,0,1
18,1,sequential,256,0,1
19,0,uniform,256,0,1
19,0,stratified_beta_0,256,0,1
19,0,guided,256,0,1
19,0,sequential,256,0,1
19,1,uniform,255,1,0
19,1,stratified_beta_0,256,0,1
19,1,guided,256,0,1
19,1,sequential,256,0,1
20,0,uniform,256,0,1
20,0,stratified_beta_0,255,1,0
20,0,guided,256,0,1
20,0,sequential,256,0,1
20,1,uniform,256,0,1
20,1,stratified_beta_0,256,0,1
20,1,guided,256,0,1
20,1,sequential,256,0,1
21,0,uniform,256,0,1
21,0,stratified_beta_0,256,0,1
21,0,guided,256,0,1
21,0,sequential,256,0,1
21,1,uniform,256,0,1
21,1,stratified_beta_0,256,0,1
21,1,guided,256,0,1
21,1,sequential,256,0,1
22,0,uniform,256,0,1
22,0,stratified_beta_0,256,0,1
22,0,guided,256,0,1
22,0,sequential,256,0,1
22,1,uniform,256,0,1
22,1,stratified_beta_0,256,0,1
22,1,guided,255,1,0
22,1,sequential,256,0,1
23,0,uniform,256,0,1
23,0,stratified_beta_0,256,0,1
23,0,guided,256,0,1
23,0,sequential,256,0,1
23,1,uniform,256,0,1
23,1,stratified_beta_0,256,0,1
23,1,guided,256,0,1
23,1,sequential,256,0,1
24,0,uniform,256,0,1
24,0,stratified_beta_0,256,0,1
24,0,guided,256,0,1
24,0,sequential,256,0,1
24,1,uniform,256,0,1
24,1,stratified_beta_0,256,0,1
24,1,guided,256,0,1
24,1,sequential,256,0,1
25,0,uniform,256,0,1
25,0,stratified_beta_0,255,1,0
25,0,guided,256,0,1
25,0,sequential,256,0,1
25,1,uniform,256,0,1
25,1,stratified_beta_0,256,0,1
25,1,guided,256,0,1
25,1,sequential,256,0,1
26,0,uniform,256,0,1
26,0,stratified_beta_0,256,0,1
26,0,guided,256,0,1
26,0,sequential,256,0,1
26,1,uniform,256,0,1
26,1,stratified_beta_0,256,0,1
26,1,guided,256,0,1
26,1,sequential,256,0,1
27,0,uniform,256,0,1
27,0,stratified_beta_0,256,0,1
27,0,guided,256,0,1
27,0,sequential,256,0,1
27,1,uniform,256,0,1
27,1,stratified_beta_0,256,0,1
27,1,guided,256,0,1
27,1,sequential,256,0,1
28,0,uniform,256,0,1
28,0,stratified_beta_0,256,0,1
28,0,guided,256,0,1
28,0,sequential,256,0,1
28,1,uniform,256,0,1
28,1,stratified_beta_0,256,0,1
28,1,guided,256,0,1
28,1,sequential,256,0,1
29,0,uniform,256,0,1
29,0,stratified_beta_0,256,0,1
29,0,guided,256,0,1
29,0,sequential,256,0,1
29,1,uniform,256,0,1
29,1,stratified_beta_0,256,0,1
29,1,guided,256,0,1
29,1,sequential,256,0,1
30,0,uniform,256,0,1
30,0,stratified_beta_0,256,0,1
30,0,guided,256,0,1
30,0,sequential,256,0,1
30,1,uniform,256,0,1
30,1,stratified_beta_0,256,0,1
30,1,guided,256,0,1
30,1,sequential,256,0,1
31,0,uniform,256,0,1
31,0,stratified_beta_0,256,0,1
31,0,guided,256,0,1
31,0,sequential,256,0,1
31,1,uniform,256,0,1
31,1,stratified_beta_0,256,0,1
31,1,guided,256,0,1
31,1,sequential,255,1,0
32,0,uniform,256,0,1
32,0,stratified_beta_0,256,0,1
32,0,guided,256,0,1
32,0,sequential,256,0,1
32,1,uniform,256,0,1
32,1,stratified_beta_0,256,0,1
32,1,guided,256,0,1
32,1,sequential,256,0,1
33,0,uniform,256,0,1
33,0,stratified_beta_0,256,0,1
33,0,guided,256,0,1
33,0,sequential,256,0,1
33,1,uniform,255,1,0
33,1,stratified_beta_0,255,1,0
33,1,guided,255,1,0
33,1,sequential,256,0,1
34,0,uniform,256,0,1
34,0,stratified_beta_0,256,0,1
34,0,guided,256,0,1
34,0,sequential,256,0,1
34,1,uniform,256,0,1
34,1,stratified_beta_0,256,0,1
34,1,guided,256,0,1
34,1,sequential,256,0,1
35,0,uniform,256,0,1
35,0,stratified_beta_0,256,0,1
35,0,guided,255,1,0
35,0,sequential,256,0,1
35,1,uniform,256,0,1
35,1,stratified_beta_0,256,0,1
35,1,guided,256,0,1
35,1,sequential,256,0,1
36,0,uniform,256,0,1
36,0,stratified_beta_0,256,0,1
36,0,guided,256,0,1
36,0,sequential,256,0,1
36,1,uniform,256,0,1
36,1,stratified_beta_0,256,0,1
36,1,guided,256,0,1
36,1,sequential,256,0,1
37,0,uniform,256,0,1
37,0,stratified_beta_0,256,0,1
37,0,guided,256,0,1
37,0,sequential,256,0,1
37,1,uniform,256,0,1
37,1,stratified_beta_0,256,0,1
37,1,guided,256,0,1
37,1,sequential,256,0,1
38,0,uniform,256,0,1
38,0,stratified_beta_0,256,0,1
38,0,guided,256,0,1
38,0,sequential,256,0,1
38,1,uniform,256,0,1
38,1,stratified_beta_0,256,0,1
38,1,guided,256,0,1
38,1,sequential,256,0,1
39,0,uniform,256,0,1
39,0,stratified_beta_0,256,0,1
39,0,guided,256,0,1
39,0,sequential,256,0,1
39,1,uniform,256,0,1
39,1,stratified_beta_0,256,0,1
39,1,guided,256,0,1
39,1,sequential,256,0,1
40,0,uniform,256,0,1
40,0,stratified_beta_0,256,0,1
40,0,guided,256,0,1
40,0,sequential,256,0,1
40,1,uniform,256,0,1
40,1,stratified_beta_0,256,0,1
40,1,guided,256,0,1
40,1,sequential,256,0,1
41,0,uniform,256,0,1
41,0,stratified_beta_0,256,0,1
41,0,guided,255,1,0
41,0,sequential,256,0,1
41,1,uniform,256,0,1
41,1,stratified_beta_0,256,0,1
41,1,guided,256,0,1
41,1,sequential,256,0,1
42,0,uniform,256,0,1
42,0,stratified_beta_0,256,0,1
42,0,guided,256,0,1
42,0,sequential,256,0,1
42,1,uniform,256,0,1
42,1,stratified_beta_0,256,0,1
42,1,guided,256,0,1
42,1,sequential,256,0,1
43,0,uniform,256,0,1
43,0,stratified_beta_0,256,0,1
43,0,guided,256,0,1
43,0,sequential,256,0,1
43,1,uniform,256,0,1
43,1,stratified_beta_0,256,0,1
43,1,guided,256,0,1
43,1,sequential,256,0,1
44,0,uniform,256,0,1
44,0,stratified_beta_0,256,0,1
44,0,guided,256,0,1
44,0,sequential,256,0,1
44,1,uniform,256,0,1
44,1,stratified_beta_0,256,0,1
44,1,guided,256,0,1
44,1,sequential,256,0,1
45,0,uniform,256,0,1
45,0,stratified_beta_0,256,0,1
45,0,guided,256,0,1
45,0,sequential,256,0,1
45,1,uniform,256,0,1
45,1,stratified_beta_0,255,1,0
45,1,guided,256,0,1
45,1,sequential,256,0,1
46,0,uniform,256,0,1
46,0,stratified_beta_0,255,1,0
46,0,guided,256,0,1
46,0,sequential,256,0,1
46,1,uniform,256,0,1
46,1,stratified_beta_0,256,0,1
46,1,guided,256,0,1
46,1,sequential,256,0,1
47,0,uniform,256,0,1
47,0,stratified_beta_0,256,0,1
47,0,guided,256,0,1
47,0,sequential,256,0,1
47,1,uniform,256,0,1
47,1,stratified_beta_0,256,0,1
47,1,guided,256,0,1
47,1,sequential,256,0,1
48,0,uniform,256,0,1
48,0,stratified_beta_0,256,0,1
48,0,guided,255,1,0
48,0,sequential,256,0,1
48,1,uniform,256,0,1
48,1,stratified_beta_0,256,0,1
48,1,guided,256,0,1
48,1,sequential,256,0,1
49,0,uniform,256,0,1
49,0,stratified_beta_0,256,0,1
49,0,guided,255,1,0
49,0,sequential,256,0,1
49,1,uniform,256,0,1
49,1,stratified_beta_0,256,0,1
49,1,guided,256,0,1
49,1,sequential,256,0,1
50,0,uniform,256,0,1
50,0,stratified_beta_0,255,1,0
50,0,guided,256,0,1
50,0,sequential,256,0,1
50,1,uniform,256,0,1
50,1,stratified_beta_0,256,0,1
50,1,guided,256,0,1
50,1,sequential,256,0,1
51,0,uniform,256,0,1
51,0,stratified_beta_0,256,0,1
51,0,guided,256,0,1
51,0,sequential,256,0,1
51,1,uniform,256,0,1
51,1,stratified_beta_0,256,0,1
51,1,guided,256,0,1
51,1,sequential,256,0,1
52,0,uniform,256,0,1
52,0,stratified_beta_0,256,0,1
52,0,guided,256,0,1
52,0,sequential,256,0,1
52,1,uniform,256,0,1
52,1,stratified_beta_0,256,0,1
52,1,guided,256,0,1
52,1,sequential,256,0,1
53,0,uniform,256,0,1
53,0,stratified_beta_0,256,0,1
53,0,guided,256,0,1
53,0,sequential,256,0,1
53,1,uniform,256,0,1
53,1,stratified_beta_0,256,0,1
53,1,guided,256,0,1
53,1,sequential,256,0,1
54,0,uniform,256,0,1
54,0,stratified_beta_0,256,0,1
54,0,guided,256,0,1
54,0,sequential,256,0,1
54,1,uniform,256,0,1
54,1,stratified_beta_0,256,0,1
54,1,guided,256,0,1
54,1,sequential,256,0,1
55,0,uniform,256,0,1
55,0,stratified_beta_0,256,0,1
55,0,guided,256,0,1
55,0,sequential,256,0,1
55,1,uniform,255,1,0
55,1,stratified_beta_0,256,0,1
55,1,guided,256,0,1
55,1,sequential,256,0,1
56,0,uniform,256,0,1
56,0,stratified_beta_0,256,0,1
56,0,guided,256,0,1
56,0,sequential,256,0,1
56,1,uniform,256,0,1
56,1,stratified_beta_0,255,1,0
56,1,guided,256,0,1
56,1,sequential,256,0,1
57,0,uniform,256,0,1
57,0,stratified_beta_0,256,0,1
57,0,guided,256,0,1
57,0,sequential,256,0,1
57,1,uniform,256,0,1
57,1,stratified_beta_0,256,0,1
57,1,guided,256,0,1
57,1,sequential,256,0,1
58,0,uniform,256,0,1
58,0,stratified_beta_0,256,0,1
58,0,guided,256,0,1
58,0,sequential,256,0,1
58,1,uniform,256,0,1
58,1,stratified_beta_0,256,0,1
58,1,guided,256,0,1
58,1,sequential,256,0,1
59,0,uniform,255,1,0
59,0,stratified_beta_0,256,0,1
59,0,guided,255,1,0
59,0,sequential,256,0,1
59,1,uniform,256,0,1
59,1,stratified_beta_0,256,0,1
59,1,guided,256,0,1
59,1,sequential,256,0,1
60,0,uniform,256,0,1
60,0,stratified_beta_0,256,0,1
60,0,guided,256,0,1
60,0,sequential,256,0,1
60,1,uniform,256,0,1
60,1,stratified_beta_0,256,0,1
60,1,guided,256,0,1
60,1,sequential,256,0,1
61,0,uniform,256,0,1
61,0,stratified_beta_0,256,0,1
61,0,guided,256,0,1
61,0,sequential,256,0,1
61,1,uniform,256,0,1
61,1,stratified_beta_0,256,0,1
61,1,guided,256,0,1
61,1,sequential,256,0,1
62,0,uniform,256,0,1
62,0,stratified_beta_0,256,0,1
62,0,guided,256,0,1
62,0,sequential,256,0,1
62,1,uniform,256,0,1
62,1,stratified_beta_0,256,0,1
62,1,guided,255,1,0
62,1,sequential,256,0,1
63,0,uniform,256,0,1
63,0,stratified_beta_0,256,0,1
63,0,guided,256,0,1
63,0,sequential,256,0,1
63,1,uniform,256,0,1
63,1,stratified_beta_0,256,0,1
63,1,guided,256,0,1
63,1,sequential,256,0,1
64,0,uniform,256,0,1
64,0,stratified_beta_0,255,1,0
64,0,guided,256,0,1
64,0,sequential,256,0,1
64,1,uniform,256,0,1
64,1,stratified_beta_0,256,0,1
64,1,guided,256,0,1
64,1,sequential,256,0,1
65,0,uniform,256,0,1
65,0,stratified_beta_0,256,0,1
65,0,guided,256,0,1
65,0,sequential,256,0,1
65,1,uniform,256,0,1
65,1,stratified_beta_0,256,0,1
65,1,guided,256,0,1
65,1,sequential,256,0,1
66,0,uniform,256,0,1
66,0,stratified_beta_0,256,0,1
66,0,guided,256,0,1
66,0,sequential,256,0,1
66,1,uniform,256,0,1
66,1,stratified_beta_0,256,0,1
66,1,guided,256,0,1
66,1,sequential,256,0,1
67,0,uniform,256,0,1
67,0,stratified_beta_0,256,0,1
67,0,guided,256,0,1
67,0,sequential,256,0,1
67,1,uniform,256,0,1
67,1,stratified_beta_0,255,1,0
67,1,guided,256,0,1
67,1,sequential,256,0,1
68,0,uniform,256,0,1
68,0,stratified_beta_0,256,0,1
68,0,guided,256,0,1
68,0,sequential,256,0,1
68,1,uniform,256,0,1
68,1,stratified_beta_0,256,0,1
68,1,guided,256,0,1
68,1,sequential,256,0,1
69,0,uniform,256,0,1
69,0,stratified_beta_0,256,0,1
69,0,guided,256,0,1
69,0,sequential,256,0,1
69,1,uniform,256,0,1
69,1,stratified_beta_0,256,0,1
69,1,guided,256,0,1
69,1,sequential,256,0,1
70,0,uniform,256,0,1
70,0,stratified_beta_0,256,0,1
70,0,guided,256,0,1
70,0,sequential,256,0,1
70,1,uniform,256,0,1
70,1,stratified_beta_0,256,0,1
70,1,guided,256,0,1
70,1,sequential,255,1,0
71,0,uniform,256,0,1
71,0,stratified_beta_0,256,0,1
71,0,guided,256,0,1
71,0,sequential,256,0,1
71,1,uniform,256,0,1
71,1,stratified_beta_0,256,0,1
71,1,guided,256,0,1
71,1,sequential,256,0,1
72,0,uniform,256,0,1
72,0,stratified_beta_0,255,1,0
72,0,guided,256,0,1
72,0,sequential,256,0,1
72,1,uniform,255,1,0
72,1,stratified_beta_0,256,0,1
72,1,guided,256,0,1
72,1,sequential,256,0,1
73,0,uniform,256,0,1
73,0,stratified_beta_0,256,0,1
73,0,guided,256,0,1
73,0,sequential,256,0,1
73,1,uniform,256,0,1
73,1,stratified_beta_0,256,0,1
73,1,guided,256,0,1
73,1,sequential,256,0,1
74,0,uniform,256,0,1
74,0,stratified_beta_0,256,0,1
74,0,guided,256,0,1
74,0,sequential,256,0,1
74,1,uniform,256,0,1
74,1,stratified_beta_0,256,0,1
74,1,guided,256,0,1
74,1,sequential,256,0,1
75,0,uniform,256,0,1
75,0,stratified_beta_0,255,1,0
75,0,guided,256,0,1
75,0,sequential,256,0,1
75,1,uniform,256,0,1
75,1,stratified_beta_0,256,0,1
75,1,guided,256,0,1
75,1,sequential,256,0,1
76,0,uniform,256,0,1
76,0,stratified_beta_0,256,0,1
76,0,guided,256,0,1
76,0,sequential,256,0,1
76,1,uniform,256,0,1
76,1,stratified_beta_0,256,0,1
76,1,guided,256,0,1
76,1,sequential,256,0,1
77,0,uniform,256,0,1
77,0,stratified_beta_0,256,0,1
77,0,guided,256,0,1
77,0,sequential,256,0,1
77,1,uniform,256,0,1
77,1,stratified_beta_0,256,0,1
77,1,guided,256,0,1
77,1,sequential,256,0,1
78,0,uniform,256,0,1
78,0,stratified_beta_0,256,0,1
78,0,guided,256,0,1
78,0,sequential,255,1,0
78,1,uniform,256,0,1
78,1,stratified_beta_0,256,0,1
78,1,guided,256,0,1
78,1,sequential,256,0,1
79,0,uniform,256,0,1
79,0,stratified_beta_0,256,0,1
79,0,guided,256,0,1
79,0,sequential,256,0,1
79,1,uniform,256,0,1
79,1,stratified_beta_0,256,0,1
79,1,guided,256,0,1
79,1,sequential,256,0,1
80,0,uniform,256,0,1
80,0,stratified_beta_0,256,0,1
80,0,guided,256,0,1
80,0,sequential,255,1,0
80,1,uniform,256,0,1
80,1,stratified_beta_0,256,0,1
80,1,guided,256,0,1
80,1,sequential,256,0,1
81,0,uniform,256,0,1
81,0,stratified_beta_0,256,0,1
81,0,guided,256,0,1
81,0,sequential,256,0,1
81,1,uniform,256,0,1
81,1,stratified_beta_0,256,0,1
81,1,guided,256,0,1
81,1,sequential,256,0,1
82,0,uniform,256,0,1
82,0,stratified_beta_0,256,0,1
82,0,guided,256,0,1
82,0,sequential,256,0,1
82,1,uniform,256,0,1
82,1,stratified_beta_0,256,0,1
82,1,guided,256,0,1
82,1,sequential,256,0,1
83,0,uniform,256,0,1
83,0,stratified_beta_0,256,0,1
83,0,guided,256,0,1
83,0,sequential,256,0,1
83,1,uniform,256,0,1
83,1,stratified_beta_0,256,0,1
83,1,guided,255,1,0
83,1,sequential,256,0,1
84,0,uniform,255,1,0
84,0,stratified_beta_0,256,0,1
84,0,guided,256,0,1
84,0,sequential,256,0,1
84,1,uniform,256,0,1
84,1,stratified_beta_0,256,0,1
84,1,guided,255,1,0
84,1,sequential,256,0,1
85,0,uniform,256,0,1
85,0,stratified_beta_0,256,0,1
85,0,guided,256,0,1
85,0,sequential,256,0,1
85,1,uniform,256,0,1
85,1,stratified_beta_0,256,0,1
85,1,guided,256,0,1
85,1,sequential,256,0,1
86,0,uniform,255,1,0
86,0,stratified_beta_0,256,0,1
86,0,guided,256,0,1
86,0,sequential,256,0,1
86,1,uniform,256,0,1
86,1,stratified_beta_0,256,0,1
86,1,guided,256,0,1
86,1,sequential,256,0,1
87,0,uniform,256,0,1
87,0,stratified_beta_0,256,0,1
87,0,guided,256,0,1
87,0,sequential,256,0,1
87,1,uniform,256,0,1
87,1,stratified_beta_0,256,0,1
87,1,guided,256,0,1
87,1,sequential,256,0,1
88,0,uniform,256,0,1
88,0,stratified_beta_0,256,0,1
88,0,guided,256,0,1
88,0,sequential,256,0,1
88,1,uniform,256,0,1
88,1,stratified_beta_0,256,0,1
88,1,guided,256,0,1
88,1,sequential,256,0,1
89,0,uniform,256,0,1
89,0,stratified_beta_0,256,0,1
89,0,guided,256,0,1
89,0,sequential,256,0,1
89,1,uniform,256,0,1
89,1,stratified_beta_0,256,0,1
89,1,guided,256,0,1
89,1,sequential,256,0,1
90,0,uniform,256,0,1
90,0,stratified_beta_0,256,0,1
90,0,guided,256,0,1
90,0,sequential,255,1,0
90,1,uniform,256,0,1
90,1,stratified_beta_0,255,1,0
90,1,guided,256,0,1
90,1,sequential,256,0,1
91,0,uniform,256,0,1
91,0,stratified_beta_0,255,1,0
91,0,guided,256,0,1
91,0,sequential,256,0,1
91,1,uniform,256,0,1
91,1,stratified_beta_0,256,0,1
91,1,guided,256,0,1
91,1,sequential,256,0,1
92,0,uniform,256,0,1
92,0,stratified_beta_0,256,0,1
92,0,guided,256,0,1
92,0,sequential,256,0,1
92,1,uniform,256,0,1
92,1,stratified_beta_0,256,0,1
92,1,guided,256,0,1
92,1,sequential,256,0,1
93,0,uniform,256,0,1
93,0,stratified_beta_0,256,0,1
93,0,guided,256,0,1
93,0,sequential,256,0,1
93,1,uniform,256,0,1
93,1,stratified_beta_0,256,0,1
93,1,guided,256,0,1
93,1,sequential,256,0,1
94,0,uniform,256,0,1
94,0,stratified_beta_0,256,0,1
94,0,guided,256,0,1
94,0,sequential,256,0,1
94,1,uniform,255,1,0
94,1,stratified_beta_0,256,0,1
94,1,guided,256,0,1
94,1,sequential,256,0,1
95,0,uniform,256,0,1
95,0,stratified_beta_0,256,0,1
95,0,guided,256,0,1
95,0,sequential,256,0,1
95,1,uniform,256,0,1
95,1,stratified_beta_0,256,0,1
95,1,guided,256,0,1
95,1,sequential,256,0,1
96,0,uniform,256,0,1
96,0,stratified_beta_0,256,0,1
96,0,guided,256,0,1
96,0,sequential,256,0,1
96,1,uniform,256,0,1
96,1,stratified_beta_0,256,0,1
96,1,guided,256,0,1
96,1,sequential,256,0,1
97,0,uniform,256,0,1
97,0,stratified_beta_0,256,0,1
97,0,guided,255,1,0
97,0,sequential,256,0,1
97,1,uniform,256,0,1
97,1,stratified_beta_0,256,0,1
97,1,guided,256,0,1
97,1,sequential,256,0,1
98,0,uniform,256,0,1
98,0,stratified_beta_0,256,0,1
98,0,guided,256,0,1
98,0,sequential,255,1,0
98,1,uniform,256,0,1
98,1,stratified_beta_0,256,0,1
98,1,guided,256,0,1
98,1,sequential,256,0,1
99,0,uniform,256,0,1
99,0,stratified_beta_0,256,0,1
99,0,guided,256,0,1
99,0,sequential,256,0,1
99,1,uniform,256,0,1
99,1,stratified_beta_0,256,0,1
99,1,guided,256,0,1
99,1,sequential,256,0,1
100,0,uniform,256,0,1
100,0,stratified_beta_0,256,0,1
100,0,guided,256,0,1
100,0,sequential,256,0,1
100,1,uniform,256,0,1
100,1,stratified_beta_0,256,0,1
100,1,guided,256,0,1
100,1,sequential,256,0,1
101,0,uniform,256,0,1
101,0,stratified_beta_0,256,0,1
101,0,guided,256,0,1
101,0,sequential,256,0,1
101,1,uniform,256,0,1
101,1,stratified_beta_0,256,0,1
101,1,guided,256,0,1
101,1,sequential,256,0,1
102,0,uniform,256,0,1
102,0,stratified_beta_0,256,0,1
102,0,guided,256,0,1
102,0,sequential,256,0,1
102,1,uniform,256,0,1
102,1,stratified_beta_0,256,0,1
102,1,guided,256,0,1
102,1,sequential,256,0,1
103,0,uniform,256,0,1
103,0,stratified_beta_0,256,0,1
103,0,guided,256,0,1
103,0,sequential,256,0,1
103,1,uniform,256,0,1
103,1,stratified_beta_0,256,0,1
103,1,guided,256,0,1
103,1,sequential,256,0,1
104,0,uniform,256,0,1
104,0,stratified_beta_0,256,0,1
104,0,guided,256,0,1
104,0,sequential,256,0,1
104,1,uniform,256,0,1
104,1,stratified_beta_0,256,0,1
104,1,guided,256,0,1
104,1,sequential,256,0,1
105,0,uniform,256,0,1
105,0,stratified_beta_0,256,0,1
105,0,guided,256,0,1
105,0,sequential,256,0,1
105,1,uniform,256,0,1
105,1,stratified_beta_0,256,0,1
105,1,guided,256,0,1
105,1,sequential,256,0,1
106,0,uniform,256,0,1
106,0,stratified_beta_0,256,0,1
106,0,guided,256,0,1
106,0,sequential,256,0,1
106,1,uniform,256,0,1
106,1,stratified_beta_0,256,0,1
106,1,guided,256,0,1
106,1,sequential,256,0,1
107,0,uniform,256,0,1
107,0,stratified_beta_0,256,0,1
107,0,guided,256,0,1
107,0,sequential,256,0,1
107,1,uniform,256,0,1
107,1,stratified_beta_0,256,0,1
107,1,guided,256,0,1
107,1,sequential,256,0,1
108,0,uniform,256,0,1
108,0,stratified_beta_0,256,0,1
108,0,guided,256,0,1
108,0,sequential,256,0,1
108,1,uniform,256,0,1
108,1,stratified_beta_0,256,0,1
108,1,guided,256,0,1
108,1,sequential,256,0,1
109,0,uniform,256,0,1
109,0,stratified_beta_0,255,1,0
109,0,guided,256,0,1
109,0,sequential,256,0,1
109,1,uniform,256,0,1
109,1,stratified_beta_0,256,0,1
109,1,guided,256,0,1
109,1,sequential,255,1,0
110,0,uniform,256,0,1
110,0,stratified_beta_0,256,0,1
110,0,guided,256,0,1
110,0,sequential,256,0,1
110,1,uniform,256,0,1
110,1,stratified_beta_0,256,0,1
110,1,guided,256,0,1
110,1,sequential,256,0,1
111,0,uniform,256,0,1
111,0,stratified_beta_0,256,0,1
111,0,guided,256,0,1
111,0,sequential,256,0,1
111,1,uniform,256,0,1
111,1,stratified_beta_0,256,0,1
111,1,guided,256,0,1
111,1,sequential,256,0,1
112,0,uniform,256,0,1
112,0,stratified_beta_0,256,0,1
112,0,guided,256,0,1
112,0,sequential,256,0,1
112,1,uniform,256,0,1
112,1,stratified_beta_0,256,0,1
112,1,guided,256,0,1
112,1,sequential,256,0,1
113,0,uniform,256,0,1
113,0,stratified_beta_0,256,0,1
113,0,guided,256,0,1
113,0,sequential,256,0,1
113,1,uniform,256,0,1
113,1,stratified_beta_0,256,0,1
113,1,guided,256,0,1
113,1,sequential,256,0,1
114,0,uniform,256,0,1
114,0,stratified_beta_0,255,1,0
114,0,guided,256,0,1
114,0,sequential,255,1,0
114,1,uniform,256,0,1
114,1,stratified_beta_0,256,0,1
114,1,guided,256,0,1
114,1,sequential,256,0,1
115,0,uniform,256,0,1
115,0,stratified_beta_0,256,0,1
115,0,guided,255,1,0
115,0,sequential,256,0,1
115,1,uniform,256,0,1
115,1,stratified_beta_0,256,0,1
115,1,guided,256,0,1
115,1,sequential,256,0,1
116,0,uniform,256,0,1
116,0,stratified_beta_0,256,0,1
116,0,guided,256,0,1
116,0,sequential,256,0,1
116,1,uniform,256,0,1
116,1,stratified_beta_0,255,1,0
116,1,guided,256,0,1
116,1,sequential,256,0,1
117,0,uniform,256,0,1
117,0,stratified_beta_0,256,0,1
117,0,guided,256,0,1
117,0,sequential,256,0,1
117,1,uniform,256,0,1
117,1,stratified_beta_0,256,0,1
117,1,guided,256,0,1
117,1,sequential,256,0,1
118,0,uniform,256,0,1
118,0,stratified_beta_0,256,0,1
118,0,guided,256,0,1
118,0,sequential,256,0,1
118,1,uniform,256,0,1
118,1,stratified_beta_0,256,0,1
118,1,guided,256,0,1
118,1,sequential,256,0,1
119,0,uniform,256,0,1
119,0,stratified_beta_0,256,0,1
119,0,guided,256,0,1
119,0,sequential,256,0,1
119,1,uniform,256,0,1
119,1,stratified_beta_0,256,0,1
119,1,guided,256,0,1
119,1,sequential,256,0,1
120,0,uniform,256,0,1
120,0,stratified_beta_0,255,1,0
120,0,guided,255,1,0
120,0,sequential,256,0,1
120,1,uniform,256,0,1
120,1,stratified_beta_0,256,0,1
120,1,guided,256,0,1
120,1,sequential,256,0,1
121,0,uniform,256,0,1
121,0,stratified_beta_0,256,0,1
121,0,guided,256,0,1
121,0,sequential,256,0,1
121,1,uniform,256,0,1
121,1,stratified_beta_0,256,0,1
121,1,guided,256,0,1
121,1,sequential,256,0,1
122,0,uniform,256,0,1
122,0,stratified_beta_0,256,0,1
122,0,guided,256,0,1
122,0,sequential,256,0,1
122,1,uniform,256,0,1
122,1,stratified_beta_0,256,0,1
122,1,guided,255,1,0
122,1,sequential,256,0,1
123,0,uniform,256,0,1
123,0,stratified_beta_0,256,0,1
123,0,guided,256,0,1
123,0,sequential,256,0,1
123,1,uniform,256,0,1
123,1,stratified_beta_0,256,0,1
123,1,guided,256,0,1
123,1,sequential,255,1,0
124,0,uniform,256,0,1
124,0,stratified_beta_0,256,0,1
124,0,guided,256,0,1
124,0,sequential,256,0,1
124,1,uniform,256,0,1
124,1,stratified_beta_0,256,0,1
124,1,guided,256,0,1
124,1,sequential,256,0,1
125,0,uniform,256,0,1
125,0,stratified_beta_0,256,0,1
125,0,guided,256,0,1
125,0,sequential,256,0,1
125,1,uniform,256,0,1
125,1,stratified_beta_0,256,0,1
125,1,guided,256,0,1
125,1,sequential,256,0,1
126,0,uniform,256,0,1
126,0,stratified_beta_0,256,0,1
126,0,guided,256,0,1
126,0,sequential,256,0,1
126,1,uniform,256,0,1
126,1,stratified_beta_0,256,0,1
126,1,guided,256,0,1
126,1,sequential,256,0,1
127,0,uniform,256,0,1
127,0,stratified_beta_0,256,0,1
127,0,guided,256,0,1
127,0,sequential,256,0,1
127,1,uniform,256,0,1
127,1,stratified_beta_0,256,0,1
127,1,guided,256,0,1
127,1,sequential,256,0,1
128,0,uniform,256,0,1
128,0,stratified_beta_0,256,0,1
128,0,guided,256,0,1
128,0,sequential,256,0,1
128,1,uniform,256,0,1
128,1,stratified_beta_0,256,0,1
128,1,guided,256,0,1
128,1,sequential,256,0,1
129,0,uniform,255,1,0
129,0,stratified_beta_0,256,0,1
129,0,guided,256,0,1
129,0,sequential,256,0,1
129,1,uniform,256,0,1
129,1,stratified_beta_0,256,0,1
129,1,guided,256,0,1
129,1,sequential,255,1,0
130,0,uniform,256,0,1
130,0,stratified_beta_0,256,0,1
130,0,guided,256,0,1
130,0,sequential,256,0,1
130,1,uniform,256,0,1
130,1,stratified_beta_0,256,0,1
130,1,guided,256,0,1
130,1,sequential,255,1,0
131,0,uniform,256,0,1
131,0,stratified_beta_0,256,0,1
131,0,guided,256,0,1
131,0,sequential,256,0,1
131,1,uniform,256,0,1
131,1,stratified_beta_0,256,0,1
131,1,guided,256,0,1
131,1,sequential,256,0,1
132,0,uniform,256,0,1
132,0,stratified_beta_0,256,0,1
132,0,guided,256,0,1
132,0,sequential,256,0,1
132,1,uniform,256,0,1
132,1,stratified_beta_0,256,0,1
132,1,guided,256,0,1
132,1,sequential,256,0,1
133,0,uniform,256,0,1
133,0,stratified_beta_0,256,0,1
133,0,guided,256,0,1
133,0,sequential,256,0,1
133,1,uniform,256,0,1
133,1,stratified_beta_0,256,0,1
133,1,guided,256,0,1
133,1,sequential,256,0,1
134,0,uniform,256,0,1
134,0,stratified_beta_0,256,0,1
134,0,guided,256,0,1
134,0,sequential,256,0,1
134,1,uniform,256,0,1
134,1,stratified_beta_0,256,0,1
134,1,guided,256,0,1
134,1,sequential,255,1,0
135,0,uniform,256,0,1
135,0,stratified_beta_0,256,0,1
135,0,guided,256,0,1
135,0,sequential,256,0,1
135,1,uniform,255,1,0
135,1,stratified_beta_0,256,0,1
135,1,guided,256,0,1
135,1,sequential,256,0,1
136,0,uniform,256,0,1
136,0,stratified_beta_0,256,0,1
136,0,guided,256,0,1
136,0,sequential,256,0,1
136,1,uniform,256,0,1
136,1,stratified_beta_0,256,0,1
136,1,guided,256,0,1
136,1,sequential,256,0,1
137,0,uniform,256,0,1
137,0,stratified_beta_0,256,0,1
137,0,guided,256,0,1
137,0,sequential,256,0,1
137,1,uniform,256,0,1
137,1,stratified_beta_0,255,1,0
137,1,guided,256,0,1
137,1,sequential,256,0,1
138,0,uniform,256,0,1
138,0,stratified_beta_0,256,0,1
138,0,guided,256,0,1
138,0,sequential,256,0,1
138,1,uniform,256,0,1
138,1,stratified_beta_0,256,0,1
138,1,guided,256,0,1
138,1,sequential,256,0,1
139,0,uniform,256,0,1
139,0,stratified_beta_0,256,0,1
139,0,guided,256,0,1
139,0,sequential,256,0,1
139,1,uniform,256,0,1
139,1,stratified_beta_0,256,0,1
139,1,guided,256,0,1
139,1,sequential,256,0,1
140,0,uniform,256,0,1
140,0,stratified_beta_0,255,1,0
140,0,guided,256,0,1
140,0,sequential,256,0,1
140,1,uniform,256,0,1
140,1,stratified_beta_0,256,0,1
140,1,guided,256,0,1
140,1,sequential,256,0,1
141,0,uniform,256,0,1
141,0,stratified_beta_0,256,0,1
141,0,guided,256,0,1
141,0,sequential,255,1,0
141,1,uniform,256,0,1
141,1,stratified_beta_0,256,0,1
141,1,guided,256,0,1
141,1,sequential,256,0,1
142,0,uniform,256,0,1
142,0,stratified_beta_0,256,0,1
142,0,guided,256,0,1
142,0,sequential,256,0,1
142,1,uniform,256,0,1
142,1,stratified_beta_0,256,0,1
142,1,guided,256,0,1
142,1,sequential,256,0,1
143,0,uniform,256,0,1
143,0,stratified_beta_0,256,0,1
143,0,guided,256,0,1
143,0,sequential,256,0,1
143,1,uniform,256,0,1
143,1,stratified_beta_0,256,0,1
143,1,guided,256,0,1
143,1,sequential,256,0,1
144,0,uniform,256,0,1
144,0,stratified_beta_0,256,0,1
144,0,guided,256,0,1
144,0,sequential,256,0,1
144,1,uniform,256,0,1
144,1,stratified_beta_0,256,0,1
144,1,guided,256,0,1
144,1,sequential,256,0,1
145,0,uniform,256,0,1
145,0,stratified_beta_0,256,0,1
145,0,guided,256,0,1
145,0,sequential,256,0,1
145,1,uniform,256,0,1
145,1,stratified_beta_0,256,0,1
145,1,guided,256,0,1
145,1,sequential,255,1,0
146,0,uniform,256,0,1
146,0,stratified_beta_0,256,0,1
146,0,guided,256,0,1
146,0,sequential,256,0,1
146,1,uniform,256,0,1
146,1,stratified_beta_0,255,1,0
146,1,guided,256,0,1
146,1,sequential,256,0,1
147,0,uniform,256,0,1
147,0,stratified_beta_0,256,0,1
147,0,guided,256,0,1
147,0,sequential,256,0,1
147,1,uniform,256,0,1
147,1,stratified_beta_0,256,0,1
147,1,guided,256,0,1
147,1,sequential,256,0,1
148,0,uniform,256,0,1
148,0,stratified_beta_0,256,0,1
148,0,guided,256,0,1
148,0,sequential,256,0,1
148,1,uniform,256,0,1
148,1,stratified_beta_0,256,0,1
148,1,guided,256,0,1
148,1,sequential,256,0,1
149,0,uniform,256,0,1
149,0,stratified_beta_0,256,0,1
149,0,guided,256,0,1
149,0,sequential,256,0,1
149,1,uniform,256,0,1
149,1,stratified_beta_0,256,0,1
149,1,guided,256,0,1
149,1,sequential,256,0,1
150,0,uniform,256,0,1
150,0,stratified_beta_0,256,0,1
150,0,guided,256,0,1
150,0,sequential,256,0,1
150,1,uniform,256,0,1
150,1,stratified_beta_0,256,0,1
150,1,guided,256,0,1
150,1,sequential,256,0,1
151,0,uniform,256,0,1
151,0,stratified_beta_0,256,0,1
151,0,guided,256,0,1
151,0,sequential,256,0,1
151,1,uniform,256,0,1
151,1,stratified_beta_0,256,0,1
151,1,guided,256,0,1
151,1,sequential,256,0,1
152,0,uniform,256,0,1
152,0,stratified_beta_0,256,0,1
152,0,guided,256,0,1
152,0,sequential,256,0,1
152,1,uniform,256,0,1
152,1,stratified_beta_0,256,0,1
152,1,guided,256,0,1
152,1,sequential,256,0,1
153,0,uniform,256,0,1
153,0,stratified_beta_0,256,0,1
153,0,guided,256,0,1
153,0,sequential,256,0,1
153,1,uniform,256,0,1
153,1,stratified_beta_0,256,0,1
153,1,guided,256,0,1
153,1,sequential,256,0,1
154,0,uniform,256,0,1
154,0,stratified_beta_0,256,0,1
154,0,guided,256,0,1
154,0,sequential,256,0,1
154,1,uniform,256,0,1
154,1,stratified_beta_0,256,0,1
154,1,guided,256,0,1
154,1,sequential,255,1,0
155,0,uniform,256,0,1
155,0,stratified_beta_0,256,0,1
155,0,guided,256,0,1
155,0,sequential,256,0,1
155,1,uniform,256,0,1
155,1,stratified_beta_0,256,0,1
155,1,guided,256,0,1
155,1,sequential,256,0,1
156,0,uniform,256,0,1
156,0,stratified_beta_0,256,0,1
156,0,guided,256,0,1
156,0,sequential,256,0,1
156,1,uniform,256,0,1
156,1,stratified_beta_0,256,0,1
156,1,guided,256,0,1
156,1,sequential,256,0,1
157,0,uniform,255,1,0
157,0,stratified_beta_0,256,0,1
157,0,guided,256,0,1
157,0,sequential,256,0,1
157,1,uniform,256,0,1
157,1,stratified_beta_0,256,0,1
157,1,guided,256,0,1
157,1,sequential,256,0,1
158,0,uniform,256,0,1
158,0,stratified_beta_0,256,0,1
158,0,guided,256,0,1
158,0,sequential,256,0,1
158,1,uniform,256,0,1
158,1,stratified_beta_0,256,0,1
158,1,guided,256,0,1
158,1,sequential,256,0,1
159,0,uniform,255,1,0
159,0,stratified_beta_0,256,0,1
159,0,guided,256,0,1
159,0,sequential,256,0,1
159,1,uniform,256,0,1
159,1,stratified_beta_0,256,0,1
159,1,guided,256,0,1
159,1,sequential,256,0,1
160,0,uniform,256,0,1
160,0,stratified_beta_0,255,1,0
160,0,guided,256,0,1
160,0,sequential,256,0,1
160,1,uniform,256,0,1
160,1,stratified_beta_0,255,1,0
160,1,guided,256,0,1
160,1,sequential,256,0,1
161,0,uniform,256,0,1
161,0,stratified_beta_0,256,0,1
161,0,guided,256,0,1
161,0,sequential,256,0,1
161,1,uniform,256,0,1
161,1,stratified_beta_0,256,0,1
161,1,guided,255,1,0
161,1,sequential,256,0,1
162,0,uniform,256,0,1
162,0,stratified_beta_0,256,0,1
162,0,guided,256,0,1
162,0,sequential,256,0,1
162,1,uniform,256,0,1
162,1,stratified_beta_0,256,0,1
162,1,guided,256,0,1
162,1,sequential,256,0,1
163,0,uniform,256,0,1
163,0,stratified_beta_0,256,0,1
163,0,guided,256,0,1
163,0,sequential,256,0,1
163,1,uniform,256,0,1
163,1,stratified_beta_0,256,0,1
163,1,guided,256,0,1
163,1,sequential,256,0,1
164,0,uniform,256,0,1
164,0,stratified_beta_0,256,0,1
164,0,guided,256,0,1
164,0,sequential,256,0,1
164,1,uniform,256,0,1
164,1,stratified_beta_0,256,0,1
164,1,guided,256,0,1
164,1,sequential,256,0,1
165,0,uniform,256,0,1
165,0,stratified_beta_0,256,0,1
165,0,guided,256,0,1
165,0,sequential,256,0,1
165,1,uniform,256,0,1
165,1,stratified_beta_0,256,0,1
165,1,guided,256,0,1
165,1,sequential,256,0,1
166,0,uniform,256,0,1
166,0,stratified_beta_0,256,0,1
166,0,guided,256,0,1
166,0,sequential,256,0,1
166,1,uniform,256,0,1
166,1,stratified_beta_0,256,0,1
166,1,guided,256,0,1
166,1,sequential,256,0,1
167,0,uniform,256,0,1
167,0,stratified_beta_0,256,0,1
167,0,guided,256,0,1
167,0,sequential,256,0,1
167,1,uniform,256,0,1
167,1,stratified_beta_0,256,0,1
167,1,guided,256,0,1
167,1,sequential,256,0,1
168,0,uniform,256,0,1
168,0,stratified_beta_0,256,0,1
168,0,guided,256,0,1
168,0,sequential,256,0,1
168,1,uniform,256,0,1
168,1,stratified_beta_0,256,0,1
168,1,guided,256,0,1
168,1,sequential,256,0,1
169,0,uniform,255,1,0
169,0,stratified_beta_0,256,0,1
169,0,guided,256,0,1
169,0,sequential,256,0,1
169,1,uniform,256,0,1
169,1,stratified_beta_0,256,0,1
169,1,guided,256,0,1
169,1,sequential,256,0,1
170,0,uniform,255,1,0
170,0,stratified_beta_0,256,0,1
170,0,guided,256,0,1
170,0,sequential,256,0,1
170,1,uniform,256,0,1
170,1,stratified_beta_0,256,0,1
170,1,guided,256,0,1
170,1,sequential,256,0,1
171,0,uniform,256,0,1
171,0,stratified_beta_0,256,0,1
171,0,guided,256,0,1
171,0,sequential,256,0,1
171,1,uniform,256,0,1
171,1,stratified_beta_0,256,0,1
171,1,guided,256,0,1
171,1,sequential,256,0,1
172,0,uniform,256,0,1
172,0,stratified_beta_0,256,0,1
172,0,guided,256,0,1
172,0,sequential,256,0,1
172,1,uniform,256,0,1
172,1,stratified_beta_0,255,1,0
172,1,guided,256,0,1
172,1,sequential,256,0,1
173,0,uniform,256,0,1
173,0,stratified_beta_0,256,0,1
173,0,guided,256,0,1
173,0,sequential,255,1,0
173,1,uniform,256,0,1
173,1,stratified_beta_0,256,0,1
173,1,guided,256,0,1
173,1,sequential,256,0,1
174,0,uniform,256,0,1
174,0,stratified_beta_0,256,0,1
174,0,guided,256,0,1
174,0,sequential,256,0,1
174,1,uniform,256,0,1
174,1,stratified_beta_0,256,0,1
174,1,guided,256,0,1
174,1,sequential,256,0,1
175,0,uniform,256,0,1
175,0,stratified_beta_0,256,0,1
175,0,guided,256,0,1
175,0,sequential,256,0,1
175,1,uniform,256,0,1
175,1,stratified_beta_0,256,0,1
175,1,guided,256,0,1
175,1,sequential,256,0,1
176,0,uniform,256,0,1
176,0,stratified_beta_0,256,0,1
176,0,guided,256,0,1
176,0,sequential,256,0,1
176,1,uniform,256,0,1
176,1,stratified_beta_0,256,0,1
176,1,guided,256,0,1
176,1,sequential,256,0,1
177,0,uniform,256,0,1
177,0,stratified_beta_0,256,0,1
177,0,guided,256,0,1
177,0,sequential,256,0,1
177,1,uniform,256,0,1
177,1,stratified_beta_0,256,0,1
177,1,guided,256,0,1
177,1,sequential,256,0,1
178,0,uniform,256,0,1
178,0,stratified_beta_0,256,0,1
178,0,guided,256,0,1
178,0,sequential,256,0,1
178,1,uniform,256,0,1
178,1,stratified_beta_0,256,0,1
178,1,guided,256,0,1
178,1,sequential,256,0,1
179,0,uniform,256,0,1
179,0,stratified_beta_0,256,0,1
179,0,guided,256,0,1
179,0,sequential,256,0,1
179,1,uniform,256,0,1
179,1,stratified_beta_0,256,0,1
179,1,guided,256,0,1
179,1,sequential,256,0,1
180,0,uniform,256,0,1
180,0,stratified_beta_0,256,0,1
180,0,guided,256,0,1
180,0,sequential,256,0,1
180,1,uniform,256,0,1
180,1,stratified_beta_0,256,0,1
180,1,guided,256,0,1
180,1,sequential,256,0,1
181,0,uniform,256,0,1
181,0,stratified_beta_0,256,0,1
181,0,guided,256,0,1
181,0,sequential,256,0,1
181,1,uniform,256,0,1
181,1,stratified_beta_0,255,1,0
181,1,guided,256,0,1
181,1,sequential,256,0,1
182,0,uniform,256,0,1
182,0,stratified_beta_0,256,0,1
182,0,guided,255,1,0
182,0,sequential,256,0,1
182,1,uniform,256,0,1
182,1,stratified_beta_0,256,0,1
182,1,guided,256,0,1
182,1,sequential,256,0,1
183,0,uniform,256,0,1
183,0,stratified_beta_0,256,0,1
183,0,guided,256,0,1
183,0,sequential,256,0,1
183,1,uniform,256,0,1
183,1,stratified_beta_0,256,0,1
183,1,guided,256,0,1
183,1,sequential,256,0,1
184,0,uniform,256,0,1
184,0,stratified_beta_0,256,0,1
184,0,guided,256,0,1
184,0,sequential,256,0,1
184,1,uniform,256,0,1
184,1,stratified_beta_0,256,0,1
184,1,guided,256,0,1
184,1,sequential,256,0,1
185,0,uniform,256,0,1
185,0,stratified_beta_0,256,0,1
185,0,guided,256,0,1
185,0,sequential,256,0,1
185,1,uniform,256,0,1
185,1,stratified_beta_0,256,0,1
185,1,guided,256,0,1
185,1,sequential,256,0,1
186,0,uniform,256,0,1
186,0,stratified_beta_0,256,0,1
186,0,guided,256,0,1
186,0,sequential,256,0,1
186,1,uniform,255,1,0
186,1,stratified_beta_0,256,0,1
186,1,guided,256,0,1
186,1,sequential,255,1,0
187,0,uniform,256,0,1
187,0,stratified_beta_0,255,1,0
187,0,guided,256,0,1
187,0,sequential,256,0,1
187,1,uniform,256,0,1
187,1,stratified_beta_0,256,0,1
187,1,guided,255,1,0
187,1,sequential,256,0,1
188,0,uniform,256,0,1
188,0,stratified_beta_0,256,0,1
188,0,guided,255,1,0
188,0,sequential,256,0,1
188,1,uniform,256,0,1
188,1,stratified_beta_0,256,0,1
188,1,guided,256,0,1
188,1,sequential,256,0,1
189,0,uniform,256,0,1
189,0,stratified_beta_0,256,0,1
189,0,guided,256,0,1
189,0,sequential,256,0,1
189,1,uniform,256,0,1
189,1,stratified_beta_0,256,0,1
189,1,guided,255,1,0
189,1,sequential,256,0,1
190,0,uniform,256,0,1
190,0,stratified_beta_0,256,0,1
190,0,guided,256,0,1
190,0,sequential,256,0,1
190,1,uniform,255,1,0
190,1,stratified_beta_0,256,0,1
190,1,guided,256,0,1
190,1,sequential,256,0,1
191,0,uniform,256,0,1
191,0,stratified_beta_0,256,0,1
191,0,guided,256,0,1
191,0,sequential,256,0,1
191,1,uniform,256,0,1
191,1,stratified_beta_0,256,0,1
191,1,guided,256,0,1
191,1,sequential,256,0,1
192,0,uniform,256,0,1
192,0,stratified_beta_0,256,0,1
192,0,guided,256,0,1
192,0,sequential,256,0,1
192,1,uniform,256,0,1
192,1,stratified_beta_0,256,0,1
192,1,guided,256,0,1
192,1,sequential,256,0,1
193,0,uniform,255,1,0
193,0,stratified_beta_0,256,0,1
193,0,guided,256,0,1
193,0,sequential,256,0,1
193,1,uniform,256,0,1
193,1,stratified_beta_0,256,0,1
193,1,guided,256,0,1
193,1,sequential,256,0,1
194,0,uniform,256,0,1
194,0,stratified_beta_0,256,0,1
194,0,guided,256,0,1
194,0,sequential,256,0,1
194,1,uniform,256,0,1
194,1,stratified_beta_0,256,0,1
194,1,guided,256,0,1
194,1,sequential,256,0,1
195,0,uniform,256,0,1
195,0,stratified_beta_0,256,0,1
195,0,guided,256,0,1
195,0,sequential,256,0,1
195,1,uniform,256,0,1
195,1,stratified_beta_0,256,0,1
195,1,guided,256,0,1
195,1,sequential,255,1,0
196,0,uniform,256,0,1
196,0,stratified_beta_0,256,0,1
196,0,guided,256,0,1
196,0,sequential,256,0,1
196,1,uniform,256,0,1
196,1,stratified_beta_0,256,0,1
196,1,guided,256,0,1
196,1,sequential,256,0,1
197,0,uniform,256,0,1
197,0,stratified_beta_0,256,0,1
197,0,guided,256,0,1
197,0,sequential,256,0,1
197,1,uniform,256,0,1
197,1,stratified_beta_0,256,0,1
197,1,guided,255,1,0
197,1,sequential,256,0,1
198,0,uniform,256,0,1
198,0,stratified_beta_0,256,0,1
198,0,guided,256,0,1
198,0,sequential,256,0,1
198,1,uniform,256,0,1
198,1,stratified_beta_0,256,0,1
198,1,guided,256,0,1
198,1,sequential,256,0,1
199,0,uniform,256,0,1
199,0,stratified_beta_0,256,0,1
199,0,guided,256,0,1
199,0,sequential,256,0,1
199,1,uniform,256,0,1
199,1,stratified_beta_0,256,0,1
199,1,guided,255,1,0
199,1,sequential,256,0,1
