trial,hidden,selector,retained,list_size,candidate_space,generated_children,exact_factor_evaluations
0,0,pair_beam,0.0,256,7776,4626,0
0,0,exact_rerank,0.0,256,7776,4626,10240
0,1,pair_beam,0.0,256,7776,4626,0
0,1,exact_rerank,0.0,256,7776,4626,10240
0,2,pair_beam,0.0,256,7776,4626,0
0,2,exact_rerank,0.0,256,7776,4626,10240
0,3,pair_beam,0.0,256,7776,4626,0
0,3,exact_rerank,0.0,256,7776,4626,10240
1,0,pair_beam,0.0,256,7776,4626,0
1,0,exact_rerank,0.0,256,7776,4626,10240
1,1,pair_beam,0.0,256,7776,4626,0
1,1,exact_rerank,0.0,256,7776,4626,10240
1,2,pair_beam,0.0,256,7776,4626,0
1,2,exact_rerank,0.0,256,7776,4626,10240
1,3,pair_beam,0.0,256,7776,4626,0
1,3,exact_rerank,0.0,256,7776,4626,10240
2,0,pair_beam,1.0,256,7776,4626,0
2,0,exact_rerank,0.0,256,7776,4626,10240
2,1,pair_beam,0.0,256,7776,4626,0
2,1,exact_rerank,0.0,256,7776,4626,10240
2,2,pair_beam,0.0,256,7776,4626,0
2,2,exact_rerank,0.0,256,7776,4626,10240
2,3,pair_beam,0.0,256,7776,4626,0
2,3,exact_rerank,0.0,256,7776,4626,10240
3,0,pair_beam,0.0,256,7776,4626,0
3,0,exact_rerank,0.0,256,7776,4626,10240
3,1,pair_beam,0.0,256,7776,4626,0
3,1,exact_rerank,0.0,256,7776,4626,10240
3,2,pair_beam,0.0,256,7776,4626,0
3,2,exact_rerank,0.0,256,7776,4626,10240
3,3,pair_beam,0.0,256,7776,4626,0
3,3,exact_rerank,0.0,256,7776,4626,10240
4,0,pair_beam,0.0,256,7776,4626,0
4,0,exact_rerank,0.0,256,7776,4626,10240
4,1,pair_beam,0.0,256,7776,4626,0
4,1,exact_rerank,0.0,256,7776,4626,10240
4,2,pair_beam,0.0,256,7776,4626,0
4,2,exact_rerank,0.0,256,7776,4626,10240
4,3,pair_beam,0.0,256,7776,4626,0
4,3,exact_rerank,0.0,256,7776,4626,10240
5,0,pair_beam,0.0,256,7776,4626,0
5,0,exact_rerank,0.0,256,7776,4626,10240
5,1,pair_beam,0.0,256,7776,4626,0
5,1,exact_rerank,0.0,256,7776,4626,10240
5,2,pair_beam,0.0,256,7776,4626,0
5,2,exact_rerank,0.0,256,7776,4626,10240
5,3,pair_beam,1.0,256,7776,4626,0
5,3,exact_rerank,1.0,256,7776,4626,10240
6,0,pair_beam,0.0,256,7776,4626,0
6,0,exact_rerank,0.0,256,7776,4626,10240
6,1,pair_beam,0.0,256,7776,4626,0
6,1,exact_rerank,0.0,256,7776,4626,10240
6,2,pair_beam,0.0,256,7776,4626,0
6,2,exact_rerank,0.0,256,7776,4626,10240
6,3,pair_beam,0.0,256,7776,4626,0
6,3,exact_rerank,0.0,256,7776,4626,10240
7,0,pair_beam,0.0,256,7776,4626,0
7,0,exact_rerank,0.0,256,7776,4626,10240
7,1,pair_beam,0.0,256,7776,4626,0
7,1,exact_rerank,0.0,256,7776,4626,10240
7,2,pair_beam,0.0,256,7776,4626,0
7,2,exact_rerank,0.0,256,7776,4626,10240
7,3,pair_beam,0.0,256,7776,4626,0
7,3,exact_rerank,0.0,256,7776,4626,10240
8,0,pair_beam,0.0,256,7776,4626,0
8,0,exact_rerank,0.0,256,7776,4626,10240
8,1,pair_beam,0.0,256,7776,4626,0
8,1,exact_rerank,0.0,256,7776,4626,10240
8,2,pair_beam,0.0,256,7776,4626,0
8,2,exact_rerank,0.0,256,7776,4626,10240
8,3,pair_beam,0.0,256,7776,4626,0
8,3,exact_rerank,0.0,256,7776,4626,10240
9,0,pair_beam,0.28431372549019607,256,7776,4626,0
9,0,exact_rerank,0.0,256,7776,4626,10240
9,1,pair_beam,0.0,256,7776,4626,0
9,1,exact_rerank,0.0,256,7776,4626,10240
9,2,pair_beam,0.0,256,7776,4626,0
9,2,exact_rerank,0.0,256,7776,4626,10240
9,3,pair_beam,0.0,256,7776,4626,0
9,3,exact_rerank,1.0,256,7776,4626,10240
10,0,pair_beam,1.0,256,7776,4626,0
10,0,exact_rerank,1.0,256,7776,4626,10240
10,1,pair_beam,0.0,256,7776,4626,0
10,1,exact_rerank,0.0,256,7776,4626,10240
10,2,pair_beam,1.0,256,7776,4626,0
10,2,exact_rerank,1.0,256,7776,4626,10240
10,3,pair_beam,0.0,256,7776,4626,0
10,3,exact_rerank,0.0,256,7776,4626,10240
11,0,pair_beam,0.0,256,7776,4626,0
11,0,exact_rerank,0.0,256,7776,4626,10240
11,1,pair_beam,0.0,256,7776,4626,0
11,1,exact_rerank,0.0,256,7776,4626,10240
11,2,pair_beam,0.0,256,7776,4626,0
11,2,exact_rerank,0.0,256,7776,4626,10240
11,3,pair_beam,0.0,256,7776,4626,0
11,3,exact_rerank,0.0,256,7776,4626,10240
12,0,pair_beam,0.0,256,7776,4626,0
12,0,exact_rerank,0.0,256,7776,4626,10240
12,1,pair_beam,0.0,256,7776,4626,0
12,1,exact_rerank,0.0,256,7776,4626,10240
12,2,pair_beam,0.0,256,7776,4626,0
12,2,exact_rerank,0.0,256,7776,4626,10240
12,3,pair_beam,1.0,256,7776,4626,0
12,3,exact_rerank,1.0,256,7776,4626,10240
13,0,pair_beam,0.0,256,7776,4626,0
13,0,exact_rerank,0.0,256,7776,4626,10240
13,1,pair_beam,0.0,256,7776,4626,0
13,1,exact_rerank,1.0,256,7776,4626,10240
13,2,pair_beam,0.0,256,7776,4626,0
13,2,exact_rerank,1.0,256,7776,4626,10240
13,3,pair_beam,0.0,256,7776,4626,0
13,3,exact_rerank,1.0,256,7776,4626,10240
14,0,pair_beam,0.0,256,7776,4626,0
14,0,exact_rerank,0.0,256,7776,4626,10240
14,1,pair_beam,0.0,256,7776,4626,0
14,1,exact_rerank,0.0,256,7776,4626,10240
14,2,pair_beam,0.0,256,7776,4626,0
14,2,exact_rerank,0.0,256,7776,4626,10240
14,3,pair_beam,0.0,256,7776,4626,0
14,3,exact_rerank,0.0,256,7776,4626,10240
15,0,pair_beam,0.0,256,7776,4626,0
15,0,exact_rerank,0.0,256,7776,4626,10240
15,1,pair_beam,0.0,256,7776,4626,0
15,1,exact_rerank,0.0,256,7776,4626,10240
15,2,pair_beam,0.0,256,7776,4626,0
15,2,exact_rerank,0.0,256,7776,4626,10240
15,3,pair_beam,0.0,256,7776,4626,0
15,3,exact_rerank,0.0,256,7776,4626,10240
16,0,pair_beam,0.0,256,7776,4626,0
16,0,exact_rerank,0.0,256,7776,4626,10240
16,1,pair_beam,0.0,256,7776,4626,0
16,1,exact_rerank,0.0,256,7776,4626,10240
16,2,pair_beam,0.0,256,7776,4626,0
16,2,exact_rerank,0.0,256,7776,4626,10240
16,3,pair_beam,0.0,256,7776,4626,0
16,3,exact_rerank,0.0,256,7776,4626,10240
17,0,pair_beam,0.0,256,7776,4626,0
17,0,exact_rerank,0.0,256,7776,4626,10240
17,1,pair_beam,0.0,256,7776,4626,0
17,1,exact_rerank,0.0,256,7776,4626,10240
17,2,pair_beam,0.0,256,7776,4626,0
17,2,exact_rerank,0.0,256,7776,4626,10240
17,3,pair_beam,0.0,256,7776,4626,0
17,3,exact_rerank,0.0,256,7776,4626,10240
18,0,pair_beam,0.0,256,7776,4626,0
18,0,exact_rerank,0.0,256,7776,4626,10240
18,1,pair_beam,0.0,256,7776,4626,0
18,1,exact_rerank,0.0,256,7776,4626,10240
18,2,pair_beam,0.0,256,7776,4626,0
18,2,exact_rerank,0.0,256,7776,4626,10240
18,3,pair_beam,0.0,256,7776,4626,0
18,3,exact_rerank,0.0,256,7776,4626,10240
19,0,pair_beam,0.0,256,7776,4626,0
19,0,exact_rerank,0.0,256,7776,4626,10240
19,1,pair_beam,0.0,256,7776,4626,0
19,1,exact_rerank,0.0,256,7776,4626,10240
19,2,pair_beam,0.0,256,7776,4626,0
19,2,exact_rerank,0.0,256,7776,4626,10240
19,3,pair_beam,0.0,256,7776,4626,0
19,3,exact_rerank,0.0,256,7776,4626,10240
20,0,pair_beam,0.0,256,7776,4626,0
20,0,exact_rerank,0.0,256,7776,4626,10240
20,1,pair_beam,0.0,256,7776,4626,0
20,1,exact_rerank,0.0,256,7776,4626,10240
20,2,pair_beam,0.0,256,7776,4626,0
20,2,exact_rerank,0.0,256,7776,4626,10240
20,3,pair_beam,0.0,256,7776,4626,0
20,3,exact_rerank,0.0,256,7776,4626,10240
21,0,pair_beam,0.0,256,7776,4626,0
21,0,exact_rerank,0.0,256,7776,4626,10240
21,1,pair_beam,0.0,256,7776,4626,0
21,1,exact_rerank,0.0,256,7776,4626,10240
21,2,pair_beam,0.0,256,7776,4626,0
21,2,exact_rerank,0.0,256,7776,4626,10240
21,3,pair_beam,0.0,256,7776,4626,0
21,3,exact_rerank,0.0,256,7776,4626,10240
22,0,pair_beam,1.0,256,7776,4626,0
22,0,exact_rerank,1.0,256,7776,4626,10240
22,1,pair_beam,0.0,256,7776,4626,0
22,1,exact_rerank,0.0,256,7776,4626,10240
22,2,pair_beam,0.0,256,7776,4626,0
22,2,exact_rerank,0.0,256,7776,4626,10240
22,3,pair_beam,0.0,256,7776,4626,0
22,3,exact_rerank,0.0,256,7776,4626,10240
23,0,pair_beam,0.0,256,7776,4626,0
23,0,exact_rerank,0.0,256,7776,4626,10240
23,1,pair_beam,0.0,256,7776,4626,0
23,1,exact_rerank,0.0,256,7776,4626,10240
23,2,pair_beam,0.0,256,7776,4626,0
23,2,exact_rerank,0.0,256,7776,4626,10240
23,3,pair_beam,0.0,256,7776,4626,0
23,3,exact_rerank,0.0,256,7776,4626,10240
24,0,pair_beam,0.0,256,7776,4626,0
24,0,exact_rerank,0.0,256,7776,4626,10240
24,1,pair_beam,0.0,256,7776,4626,0
24,1,exact_rerank,0.0,256,7776,4626,10240
24,2,pair_beam,0.0,256,7776,4626,0
24,2,exact_rerank,0.0,256,7776,4626,10240
24,3,pair_beam,0.0,256,7776,4626,0
24,3,exact_rerank,0.0,256,7776,4626,10240
25,0,pair_beam,0.0,256,7776,4626,0
25,0,exact_rerank,0.0,256,7776,4626,10240
25,1,pair_beam,0.0,256,7776,4626,0
25,1,exact_rerank,0.0,256,7776,4626,10240
25,2,pair_beam,0.0,256,7776,4626,0
25,2,exact_rerank,0.0,256,7776,4626,10240
25,3,pair_beam,0.0,256,7776,4626,0
25,3,exact_rerank,0.0,256,7776,4626,10240
26,0,pair_beam,0.0,256,7776,4626,0
26,0,exact_rerank,0.0,256,7776,4626,10240
26,1,pair_beam,1.0,256,7776,4626,0
26,1,exact_rerank,1.0,256,7776,4626,10240
26,2,pair_beam,0.0,256,7776,4626,0
26,2,exact_rerank,0.0,256,7776,4626,10240
26,3,pair_beam,0.0,256,7776,4626,0
26,3,exact_rerank,0.0,256,7776,4626,10240
27,0,pair_beam,0.0,256,7776,4626,0
27,0,exact_rerank,0.0,256,7776,4626,10240
27,1,pair_beam,0.0,256,7776,4626,0
27,1,exact_rerank,0.0,256,7776,4626,10240
27,2,pair_beam,0.0,256,7776,4626,0
27,2,exact_rerank,0.0,256,7776,4626,10240
27,3,pair_beam,0.0,256,7776,4626,0
27,3,exact_rerank,0.0,256,7776,4626,10240
28,0,pair_beam,0.0,256,7776,4626,0
28,0,exact_rerank,0.0,256,7776,4626,10240
28,1,pair_beam,0.0,256,7776,4626,0
28,1,exact_rerank,0.0,256,7776,4626,10240
28,2,pair_beam,0.0,256,7776,4626,0
28,2,exact_rerank,0.0,256,7776,4626,10240
28,3,pair_beam,0.0,256,7776,4626,0
28,3,exact_rerank,0.0,256,7776,4626,10240
29,0,pair_beam,0.0,256,7776,4626,0
29,0,exact_rerank,0.0,256,7776,4626,10240
29,1,pair_beam,0.0,256,7776,4626,0
29,1,exact_rerank,0.0,256,7776,4626,10240
29,2,pair_beam,0.0,256,7776,4626,0
29,2,exact_rerank,0.0,256,7776,4626,10240
29,3,pair_beam,0.0,256,7776,4626,0
29,3,exact_rerank,0.0,256,7776,4626,10240
30,0,pair_beam,0.0,256,7776,4626,0
30,0,exact_rerank,0.0,256,7776,4626,10240
30,1,pair_beam,0.0,256,7776,4626,0
30,1,exact_rerank,0.0,256,7776,4626,10240
30,2,pair_beam,0.0,256,7776,4626,0
30,2,exact_rerank,0.0,256,7776,4626,10240
30,3,pair_beam,0.0,256,7776,4626,0
30,3,exact_rerank,0.0,256,7776,4626,10240
31,0,pair_beam,0.0,256,7776,4626,0
31,0,exact_rerank,0.0,256,7776,4626,10240
31,1,pair_beam,0.0,256,7776,4626,0
31,1,exact_rerank,0.0,256,7776,4626,10240
31,2,pair_beam,0.0,256,7776,4626,0
31,2,exact_rerank,0.0,256,7776,4626,10240
31,3,pair_beam,0.0,256,7776,4626,0
31,3,exact_rerank,0.0,256,7776,4626,10240
32,0,pair_beam,0.0,256,7776,4626,0
32,0,exact_rerank,0.0,256,7776,4626,10240
32,1,pair_beam,0.0,256,7776,4626,0
32,1,exact_rerank,0.0,256,7776,4626,10240
32,2,pair_beam,1.0,256,7776,4626,0
32,2,exact_rerank,1.0,256,7776,4626,10240
32,3,pair_beam,0.0,256,7776,4626,0
32,3,exact_rerank,0.0,256,7776,4626,10240
33,0,pair_beam,0.0,256,7776,4626,0
33,0,exact_rerank,0.0,256,7776,4626,10240
33,1,pair_beam,1.0,256,7776,4626,0
33,1,exact_rerank,1.0,256,7776,4626,10240
33,2,pair_beam,1.0,256,7776,4626,0
33,2,exact_rerank,1.0,256,7776,4626,10240
33,3,pair_beam,0.0,256,7776,4626,0
33,3,exact_rerank,0.0,256,7776,4626,10240
34,0,pair_beam,0.0,256,7776,4626,0
34,0,exact_rerank,0.0,256,7776,4626,10240
34,1,pair_beam,0.0,256,7776,4626,0
34,1,exact_rerank,0.0,256,7776,4626,10240
34,2,pair_beam,0.0,256,7776,4626,0
34,2,exact_rerank,0.0,256,7776,4626,10240
34,3,pair_beam,0.0,256,7776,4626,0
34,3,exact_rerank,0.0,256,7776,4626,10240
35,0,pair_beam,0.0,256,7776,4626,0
35,0,exact_rerank,0.0,256,7776,4626,10240
35,1,pair_beam,0.0,256,7776,4626,0
35,1,exact_rerank,0.0,256,7776,4626,10240
35,2,pair_beam,0.0,256,7776,4626,0
35,2,exact_rerank,0.0,256,7776,4626,10240
35,3,pair_beam,0.0,256,7776,4626,0
35,3,exact_rerank,0.0,256,7776,4626,10240
36,0,pair_beam,0.0,256,7776,4626,0
36,0,exact_rerank,0.0,256,7776,4626,10240
36,1,pair_beam,1.0,256,7776,4626,0
36,1,exact_rerank,1.0,256,7776,4626,10240
36,2,pair_beam,1.0,256,7776,4626,0
36,2,exact_rerank,0.0,256,7776,4626,10240
36,3,pair_beam,0.0,256,7776,4626,0
36,3,exact_rerank,0.0,256,7776,4626,10240
37,0,pair_beam,0.0,256,7776,4626,0
37,0,exact_rerank,0.0,256,7776,4626,10240
37,1,pair_beam,0.0,256,7776,4626,0
37,1,exact_rerank,0.0,256,7776,4626,10240
37,2,pair_beam,0.0,256,7776,4626,0
37,2,exact_rerank,0.0,256,7776,4626,10240
37,3,pair_beam,0.0,256,7776,4626,0
37,3,exact_rerank,0.0,256,7776,4626,10240
38,0,pair_beam,0.0,256,7776,4626,0
38,0,exact_rerank,0.0,256,7776,4626,10240
38,1,pair_beam,0.0,256,7776,4626,0
38,1,exact_rerank,0.0,256,7776,4626,10240
38,2,pair_beam,0.0,256,7776,4626,0
38,2,exact_rerank,0.0,256,7776,4626,10240
38,3,pair_beam,0.0,256,7776,4626,0
38,3,exact_rerank,0.0,256,7776,4626,10240
39,0,pair_beam,0.0,256,7776,4626,0
39,0,exact_rerank,0.0,256,7776,4626,10240
39,1,pair_beam,0.0,256,7776,4626,0
39,1,exact_rerank,0.0,256,7776,4626,10240
39,2,pair_beam,0.0,256,7776,4626,0
39,2,exact_rerank,0.0,256,7776,4626,10240
39,3,pair_beam,0.0,256,7776,4626,0
39,3,exact_rerank,0.0,256,7776,4626,10240
40,0,pair_beam,0.0,256,7776,4626,0
40,0,exact_rerank,0.0,256,7776,4626,10240
40,1,pair_beam,0.0,256,7776,4626,0
40,1,exact_rerank,0.0,256,7776,4626,10240
40,2,pair_beam,1.0,256,7776,4626,0
40,2,exact_rerank,1.0,256,7776,4626,10240
40,3,pair_beam,0.0,256,7776,4626,0
40,3,exact_rerank,0.0,256,7776,4626,10240
41,0,pair_beam,0.0,256,7776,4626,0
41,0,exact_rerank,0.0,256,7776,4626,10240
41,1,pair_beam,1.0,256,7776,4626,0
41,1,exact_rerank,1.0,256,7776,4626,10240
41,2,pair_beam,0.0,256,7776,4626,0
41,2,exact_rerank,0.0,256,7776,4626,10240
41,3,pair_beam,0.0,256,7776,4626,0
41,3,exact_rerank,0.0,256,7776,4626,10240
42,0,pair_beam,0.0,256,7776,4626,0
42,0,exact_rerank,0.0,256,7776,4626,10240
42,1,pair_beam,0.0,256,7776,4626,0
42,1,exact_rerank,0.0,256,7776,4626,10240
42,2,pair_beam,0.0,256,7776,4626,0
42,2,exact_rerank,1.0,256,7776,4626,10240
42,3,pair_beam,0.0,256,7776,4626,0
42,3,exact_rerank,0.0,256,7776,4626,10240
43,0,pair_beam,0.0,256,7776,4626,0
43,0,exact_rerank,0.0,256,7776,4626,10240
43,1,pair_beam,0.0,256,7776,4626,0
43,1,exact_rerank,0.0,256,7776,4626,10240
43,2,pair_beam,0.0,256,7776,4626,0
43,2,exact_rerank,0.0,256,7776,4626,10240
43,3,pair_beam,0.0,256,7776,4626,0
43,3,exact_rerank,0.0,256,7776,4626,10240
44,0,pair_beam,0.0,256,7776,4626,0
44,0,exact_rerank,0.0,256,7776,4626,10240
44,1,pair_beam,0.0,256,7776,4626,0
44,1,exact_rerank,0.0,256,7776,4626,10240
44,2,pair_beam,0.0,256,7776,4626,0
44,2,exact_rerank,0.0,256,7776,4626,10240
44,3,pair_beam,0.0,256,7776,4626,0
44,3,exact_rerank,1.0,256,7776,4626,10240
45,0,pair_beam,0.0,256,7776,4626,0
45,0,exact_rerank,0.0,256,7776,4626,10240
45,1,pair_beam,0.0,256,7776,4626,0
45,1,exact_rerank,0.0,256,7776,4626,10240
45,2,pair_beam,0.0,256,7776,4626,0
45,2,exact_rerank,0.0,256,7776,4626,10240
45,3,pair_beam,0.0,256,7776,4626,0
45,3,exact_rerank,0.0,256,7776,4626,10240
46,0,pair_beam,0.0,256,7776,4626,0
46,0,exact_rerank,0.0,256,7776,4626,10240
46,1,pair_beam,0.0,256,7776,4626,0
46,1,exact_rerank,0.0,256,7776,4626,10240
46,2,pair_beam,0.0,256,7776,4626,0
46,2,exact_rerank,0.0,256,7776,4626,10240
46,3,pair_beam,0.0,256,7776,4626,0
46,3,exact_rerank,0.0,256,7776,4626,10240
47,0,pair_beam,0.0,256,7776,4626,0
47,0,exact_rerank,0.0,256,7776,4626,10240
47,1,pair_beam,0.0,256,7776,4626,0
47,1,exact_rerank,0.0,256,7776,4626,10240
47,2,pair_beam,0.0,256,7776,4626,0
47,2,exact_rerank,0.0,256,7776,4626,10240
47,3,pair_beam,0.0,256,7776,4626,0
47,3,exact_rerank,0.0,256,7776,4626,10240
48,0,pair_beam,1.0,256,7776,4626,0
48,0,exact_rerank,1.0,256,7776,4626,10240
48,1,pair_beam,0.0,256,7776,4626,0
48,1,exact_rerank,1.0,256,7776,4626,10240
48,2,pair_beam,1.0,256,7776,4626,0
48,2,exact_rerank,1.0,256,7776,4626,10240
48,3,pair_beam,0.0,256,7776,4626,0
48,3,exact_rerank,0.0,256,7776,4626,10240
49,0,pair_beam,0.0,256,7776,4626,0
49,0,exact_rerank,0.0,256,7776,4626,10240
49,1,pair_beam,0.0,256,7776,4626,0
49,1,exact_rerank,0.0,256,7776,4626,10240
49,2,pair_beam,0.0,256,7776,4626,0
49,2,exact_rerank,0.0,256,7776,4626,10240
49,3,pair_beam,0.0,256,7776,4626,0
49,3,exact_rerank,0.0,256,7776,4626,10240
50,0,pair_beam,0.0,256,7776,4626,0
50,0,exact_rerank,0.0,256,7776,4626,10240
50,1,pair_beam,0.0,256,7776,4626,0
50,1,exact_rerank,0.0,256,7776,4626,10240
50,2,pair_beam,0.0,256,7776,4626,0
50,2,exact_rerank,0.0,256,7776,4626,10240
50,3,pair_beam,0.0,256,7776,4626,0
50,3,exact_rerank,0.0,256,7776,4626,10240
51,0,pair_beam,0.0,256,7776,4626,0
51,0,exact_rerank,0.0,256,7776,4626,10240
51,1,pair_beam,1.0,256,7776,4626,0
51,1,exact_rerank,0.0,256,7776,4626,10240
51,2,pair_beam,0.0,256,7776,4626,0
51,2,exact_rerank,0.0,256,7776,4626,10240
51,3,pair_beam,0.0,256,7776,4626,0
51,3,exact_rerank,0.0,256,7776,4626,10240
52,0,pair_beam,0.0,256,7776,4626,0
52,0,exact_rerank,0.0,256,7776,4626,10240
52,1,pair_beam,0.0,256,7776,4626,0
52,1,exact_rerank,0.0,256,7776,4626,10240
52,2,pair_beam,1.0,256,7776,4626,0
52,2,exact_rerank,0.0,256,7776,4626,10240
52,3,pair_beam,0.0,256,7776,4626,0
52,3,exact_rerank,0.0,256,7776,4626,10240
53,0,pair_beam,0.0,256,7776,4626,0
53,0,exact_rerank,0.0,256,7776,4626,10240
53,1,pair_beam,0.0,256,7776,4626,0
53,1,exact_rerank,1.0,256,7776,4626,10240
53,2,pair_beam,0.0,256,7776,4626,0
53,2,exact_rerank,1.0,256,7776,4626,10240
53,3,pair_beam,0.0,256,7776,4626,0
53,3,exact_rerank,0.0,256,7776,4626,10240
54,0,pair_beam,0.0,256,7776,4626,0
54,0,exact_rerank,0.0,256,7776,4626,10240
54,1,pair_beam,0.0,256,7776,4626,0
54,1,exact_rerank,0.0,256,7776,4626,10240
54,2,pair_beam,0.0,256,7776,4626,0
54,2,exact_rerank,0.0,256,7776,4626,10240
54,3,pair_beam,0.0,256,7776,4626,0
54,3,exact_rerank,0.0,256,7776,4626,10240
55,0,pair_beam,0.0,256,7776,4626,0
55,0,exact_rerank,0.0,256,7776,4626,10240
55,1,pair_beam,0.0,256,7776,4626,0
55,1,exact_rerank,0.0,256,7776,4626,10240
55,2,pair_beam,0.0,256,7776,4626,0
55,2,exact_rerank,0.0,256,7776,4626,10240
55,3,pair_beam,0.0,256,7776,4626,0
55,3,exact_rerank,0.0,256,7776,4626,10240
56,0,pair_beam,0.7831325301204819,256,7776,4626,0
56,0,exact_rerank,1.0,256,7776,4626,10240
56,1,pair_beam,0.0,256,7776,4626,0
56,1,exact_rerank,0.0,256,7776,4626,10240
56,2,pair_beam,0.0,256,7776,4626,0
56,2,exact_rerank,0.0,256,7776,4626,10240
56,3,pair_beam,0.0,256,7776,4626,0
56,3,exact_rerank,0.0,256,7776,4626,10240
57,0,pair_beam,0.0,256,7776,4626,0
57,0,exact_rerank,0.0,256,7776,4626,10240
57,1,pair_beam,0.0,256,7776,4626,0
57,1,exact_rerank,0.0,256,7776,4626,10240
57,2,pair_beam,0.0,256,7776,4626,0
57,2,exact_rerank,0.0,256,7776,4626,10240
57,3,pair_beam,0.0,256,7776,4626,0
57,3,exact_rerank,0.0,256,7776,4626,10240
58,0,pair_beam,0.0,256,7776,4626,0
58,0,exact_rerank,0.0,256,7776,4626,10240
58,1,pair_beam,0.0,256,7776,4626,0
58,1,exact_rerank,0.0,256,7776,4626,10240
58,2,pair_beam,1.0,256,7776,4626,0
58,2,exact_rerank,0.0,256,7776,4626,10240
58,3,pair_beam,0.0,256,7776,4626,0
58,3,exact_rerank,0.0,256,7776,4626,10240
59,0,pair_beam,1.0,256,7776,4626,0
59,0,exact_rerank,1.0,256,7776,4626,10240
59,1,pair_beam,0.0,256,7776,4626,0
59,1,exact_rerank,1.0,256,7776,4626,10240
59,2,pair_beam,0.0,256,7776,4626,0
59,2,exact_rerank,0.0,256,7776,4626,10240
59,3,pair_beam,0.0,256,7776,4626,0
59,3,exact_rerank,0.0,256,7776,4626,10240
60,0,pair_beam,0.0,256,7776,4626,0
60,0,exact_rerank,0.0,256,7776,4626,10240
60,1,pair_beam,0.0,256,7776,4626,0
60,1,exact_rerank,0.0,256,7776,4626,10240
60,2,pair_beam,0.0,256,7776,4626,0
60,2,exact_rerank,0.0,256,7776,4626,10240
60,3,pair_beam,0.0,256,7776,4626,0
60,3,exact_rerank,0.0,256,7776,4626,10240
61,0,pair_beam,0.0,256,7776,4626,0
61,0,exact_rerank,0.0,256,7776,4626,10240
61,1,pair_beam,0.0,256,7776,4626,0
61,1,exact_rerank,0.0,256,7776,4626,10240
61,2,pair_beam,0.0,256,7776,4626,0
61,2,exact_rerank,0.0,256,7776,4626,10240
61,3,pair_beam,0.0,256,7776,4626,0
61,3,exact_rerank,0.0,256,7776,4626,10240
62,0,pair_beam,0.0,256,7776,4626,0
62,0,exact_rerank,0.0,256,7776,4626,10240
62,1,pair_beam,0.0,256,7776,4626,0
62,1,exact_rerank,0.0,256,7776,4626,10240
62,2,pair_beam,0.0,256,7776,4626,0
62,2,exact_rerank,0.0,256,7776,4626,10240
62,3,pair_beam,0.0,256,7776,4626,0
62,3,exact_rerank,0.0,256,7776,4626,10240
63,0,pair_beam,0.0,256,7776,4626,0
63,0,exact_rerank,0.0,256,7776,4626,10240
63,1,pair_beam,0.0,256,7776,4626,0
63,1,exact_rerank,0.0,256,7776,4626,10240
63,2,pair_beam,0.0,256,7776,4626,0
63,2,exact_rerank,0.0,256,7776,4626,10240
63,3,pair_beam,0.0,256,7776,4626,0
63,3,exact_rerank,0.0,256,7776,4626,10240
64,0,pair_beam,0.0,256,7776,4626,0
64,0,exact_rerank,0.0,256,7776,4626,10240
64,1,pair_beam,0.0,256,7776,4626,0
64,1,exact_rerank,0.0,256,7776,4626,10240
64,2,pair_beam,0.0,256,7776,4626,0
64,2,exact_rerank,0.0,256,7776,4626,10240
64,3,pair_beam,0.0,256,7776,4626,0
64,3,exact_rerank,0.0,256,7776,4626,10240
65,0,pair_beam,0.0,256,7776,4626,0
65,0,exact_rerank,0.0,256,7776,4626,10240
65,1,pair_beam,0.0,256,7776,4626,0
65,1,exact_rerank,0.0,256,7776,4626,10240
65,2,pair_beam,0.0,256,7776,4626,0
65,2,exact_rerank,0.0,256,7776,4626,10240
65,3,pair_beam,0.0,256,7776,4626,0
65,3,exact_rerank,0.0,256,7776,4626,10240
66,0,pair_beam,0.0,256,7776,4626,0
66,0,exact_rerank,0.0,256,7776,4626,10240
66,1,pair_beam,0.0,256,7776,4626,0
66,1,exact_rerank,0.0,256,7776,4626,10240
66,2,pair_beam,0.0,256,7776,4626,0
66,2,exact_rerank,1.0,256,7776,4626,10240
66,3,pair_beam,0.0,256,7776,4626,0
66,3,exact_rerank,0.0,256,7776,4626,10240
67,0,pair_beam,0.0,256,7776,4626,0
67,0,exact_rerank,0.0,256,7776,4626,10240
67,1,pair_beam,0.0,256,7776,4626,0
67,1,exact_rerank,0.0,256,7776,4626,10240
67,2,pair_beam,0.0,256,7776,4626,0
67,2,exact_rerank,0.0,256,7776,4626,10240
67,3,pair_beam,0.0,256,7776,4626,0
67,3,exact_rerank,0.0,256,7776,4626,10240
68,0,pair_beam,0.0,256,7776,4626,0
68,0,exact_rerank,1.0,256,7776,4626,10240
68,1,pair_beam,0.0,256,7776,4626,0
68,1,exact_rerank,0.0,256,7776,4626,10240
68,2,pair_beam,0.0,256,7776,4626,0
68,2,exact_rerank,0.0,256,7776,4626,10240
68,3,pair_beam,0.0,256,7776,4626,0
68,3,exact_rerank,0.0,256,7776,4626,10240
69,0,pair_beam,0.0,256,7776,4626,0
69,0,exact_rerank,0.0,256,7776,4626,10240
69,1,pair_beam,0.0,256,7776,4626,0
69,1,exact_rerank,0.0,256,7776,4626,10240
69,2,pair_beam,0.0,256,7776,4626,0
69,2,exact_rerank,0.0,256,7776,4626,10240
69,3,pair_beam,0.0,256,7776,4626,0
69,3,exact_rerank,0.0,256,7776,4626,10240
70,0,pair_beam,0.0,256,7776,4626,0
70,0,exact_rerank,0.0,256,7776,4626,10240
70,1,pair_beam,0.0,256,7776,4626,0
70,1,exact_rerank,0.0,256,7776,4626,10240
70,2,pair_beam,0.0,256,7776,4626,0
70,2,exact_rerank,0.0,256,7776,4626,10240
70,3,pair_beam,0.0,256,7776,4626,0
70,3,exact_rerank,0.0,256,7776,4626,10240
71,0,pair_beam,0.0,256,7776,4626,0
71,0,exact_rerank,0.0,256,7776,4626,10240
71,1,pair_beam,0.0,256,7776,4626,0
71,1,exact_rerank,0.0,256,7776,4626,10240
71,2,pair_beam,0.0,256,7776,4626,0
71,2,exact_rerank,0.0,256,7776,4626,10240
71,3,pair_beam,0.0,256,7776,4626,0
71,3,exact_rerank,0.0,256,7776,4626,10240
72,0,pair_beam,0.0,256,7776,4626,0
72,0,exact_rerank,0.0,256,7776,4626,10240
72,1,pair_beam,0.0,256,7776,4626,0
72,1,exact_rerank,0.0,256,7776,4626,10240
72,2,pair_beam,0.0,256,7776,4626,0
72,2,exact_rerank,0.0,256,7776,4626,10240
72,3,pair_beam,0.0,256,7776,4626,0
72,3,exact_rerank,0.0,256,7776,4626,10240
73,0,pair_beam,0.0,256,7776,4626,0
73,0,exact_rerank,0.0,256,7776,4626,10240
73,1,pair_beam,0.0,256,7776,4626,0
73,1,exact_rerank,0.0,256,7776,4626,10240
73,2,pair_beam,0.0,256,7776,4626,0
73,2,exact_rerank,0.0,256,7776,4626,10240
73,3,pair_beam,0.0,256,7776,4626,0
73,3,exact_rerank,0.0,256,7776,4626,10240
74,0,pair_beam,0.0,256,7776,4626,0
74,0,exact_rerank,0.0,256,7776,4626,10240
74,1,pair_beam,0.0,256,7776,4626,0
74,1,exact_rerank,0.0,256,7776,4626,10240
74,2,pair_beam,1.0,256,7776,4626,0
74,2,exact_rerank,1.0,256,7776,4626,10240
74,3,pair_beam,0.0,256,7776,4626,0
74,3,exact_rerank,1.0,256,7776,4626,10240
75,0,pair_beam,0.0,256,7776,4626,0
75,0,exact_rerank,0.0,256,7776,4626,10240
75,1,pair_beam,0.0,256,7776,4626,0
75,1,exact_rerank,0.0,256,7776,4626,10240
75,2,pair_beam,0.0,256,7776,4626,0
75,2,exact_rerank,0.0,256,7776,4626,10240
75,3,pair_beam,0.0,256,7776,4626,0
75,3,exact_rerank,0.0,256,7776,4626,10240
76,0,pair_beam,0.0,256,7776,4626,0
76,0,exact_rerank,0.0,256,7776,4626,10240
76,1,pair_beam,0.0,256,7776,4626,0
76,1,exact_rerank,0.0,256,7776,4626,10240
76,2,pair_beam,0.0,256,7776,4626,0
76,2,exact_rerank,0.0,256,7776,4626,10240
76,3,pair_beam,0.0,256,7776,4626,0
76,3,exact_rerank,0.0,256,7776,4626,10240
77,0,pair_beam,0.0,256,7776,4626,0
77,0,exact_rerank,0.0,256,7776,4626,10240
77,1,pair_beam,0.0,256,7776,4626,0
77,1,exact_rerank,0.0,256,7776,4626,10240
77,2,pair_beam,0.0,256,7776,4626,0
77,2,exact_rerank,0.0,256,7776,4626,10240
77,3,pair_beam,0.0,256,7776,4626,0
77,3,exact_rerank,0.0,256,7776,4626,10240
78,0,pair_beam,0.0,256,7776,4626,0
78,0,exact_rerank,0.0,256,7776,4626,10240
78,1,pair_beam,0.0,256,7776,4626,0
78,1,exact_rerank,0.0,256,7776,4626,10240
78,2,pair_beam,0.0,256,7776,4626,0
78,2,exact_rerank,0.0,256,7776,4626,10240
78,3,pair_beam,0.0,256,7776,4626,0
78,3,exact_rerank,0.0,256,7776,4626,10240
79,0,pair_beam,0.0,256,7776,4626,0
79,0,exact_rerank,0.0,256,7776,4626,10240
79,1,pair_beam,0.0,256,7776,4626,0
79,1,exact_rerank,0.0,256,7776,4626,10240
79,2,pair_beam,0.0,256,7776,4626,0
79,2,exact_rerank,0.0,256,7776,4626,10240
79,3,pair_beam,0.0,256,7776,4626,0
79,3,exact_rerank,0.0,256,7776,4626,10240
80,0,pair_beam,0.0,256,7776,4626,0
80,0,exact_rerank,1.0,256,7776,4626,10240
80,1,pair_beam,0.0,256,7776,4626,0
80,1,exact_rerank,0.0,256,7776,4626,10240
80,2,pair_beam,0.0,256,7776,4626,0
80,2,exact_rerank,0.0,256,7776,4626,10240
80,3,pair_beam,0.0,256,7776,4626,0
80,3,exact_rerank,0.0,256,7776,4626,10240
81,0,pair_beam,0.0,256,7776,4626,0
81,0,exact_rerank,0.0,256,7776,4626,10240
81,1,pair_beam,0.0,256,7776,4626,0
81,1,exact_rerank,0.0,256,7776,4626,10240
81,2,pair_beam,0.0,256,7776,4626,0
81,2,exact_rerank,0.0,256,7776,4626,10240
81,3,pair_beam,0.0,256,7776,4626,0
81,3,exact_rerank,0.0,256,7776,4626,10240
82,0,pair_beam,0.0,256,7776,4626,0
82,0,exact_rerank,0.0,256,7776,4626,10240
82,1,pair_beam,0.0,256,7776,4626,0
82,1,exact_rerank,0.0,256,7776,4626,10240
82,2,pair_beam,0.0,256,7776,4626,0
82,2,exact_rerank,0.0,256,7776,4626,10240
82,3,pair_beam,0.0,256,7776,4626,0
82,3,exact_rerank,0.0,256,7776,4626,10240
83,0,pair_beam,0.6585365853658537,256,7776,4626,0
83,0,exact_rerank,1.0,256,7776,4626,10240
83,1,pair_beam,1.0,256,7776,4626,0
83,1,exact_rerank,1.0,256,7776,4626,10240
83,2,pair_beam,0.0,256,7776,4626,0
83,2,exact_rerank,0.0,256,7776,4626,10240
83,3,pair_beam,0.0,256,7776,4626,0
83,3,exact_rerank,0.0,256,7776,4626,10240
84,0,pair_beam,0.0,256,7776,4626,0
84,0,exact_rerank,0.0,256,7776,4626,10240
84,1,pair_beam,0.0,256,7776,4626,0
84,1,exact_rerank,0.0,256,7776,4626,10240
84,2,pair_beam,0.0,256,7776,4626,0
84,2,exact_rerank,0.0,256,7776,4626,10240
84,3,pair_beam,0.0,256,7776,4626,0
84,3,exact_rerank,0.0,256,7776,4626,10240
85,0,pair_beam,0.0,256,7776,4626,0
85,0,exact_rerank,0.0,256,7776,4626,10240
85,1,pair_beam,0.0,256,7776,4626,0
85,1,exact_rerank,0.0,256,7776,4626,10240
85,2,pair_beam,0.0,256,7776,4626,0
85,2,exact_rerank,0.0,256,7776,4626,10240
85,3,pair_beam,0.0,256,7776,4626,0
85,3,exact_rerank,0.0,256,7776,4626,10240
86,0,pair_beam,0.0,256,7776,4626,0
86,0,exact_rerank,0.0,256,7776,4626,10240
86,1,pair_beam,0.0,256,7776,4626,0
86,1,exact_rerank,0.0,256,7776,4626,10240
86,2,pair_beam,0.0,256,7776,4626,0
86,2,exact_rerank,0.0,256,7776,4626,10240
86,3,pair_beam,0.0,256,7776,4626,0
86,3,exact_rerank,0.0,256,7776,4626,10240
87,0,pair_beam,0.0,256,7776,4626,0
87,0,exact_rerank,0.0,256,7776,4626,10240
87,1,pair_beam,0.0,256,7776,4626,0
87,1,exact_rerank,0.0,256,7776,4626,10240
87,2,pair_beam,0.0,256,7776,4626,0
87,2,exact_rerank,0.0,256,7776,4626,10240
87,3,pair_beam,0.0,256,7776,4626,0
87,3,exact_rerank,0.0,256,7776,4626,10240
88,0,pair_beam,0.0,256,7776,4626,0
88,0,exact_rerank,0.0,256,7776,4626,10240
88,1,pair_beam,0.0,256,7776,4626,0
88,1,exact_rerank,0.0,256,7776,4626,10240
88,2,pair_beam,0.0,256,7776,4626,0
88,2,exact_rerank,0.0,256,7776,4626,10240
88,3,pair_beam,0.0,256,7776,4626,0
88,3,exact_rerank,0.0,256,7776,4626,10240
89,0,pair_beam,0.0,256,7776,4626,0
89,0,exact_rerank,0.0,256,7776,4626,10240
89,1,pair_beam,0.0,256,7776,4626,0
89,1,exact_rerank,0.0,256,7776,4626,10240
89,2,pair_beam,0.0,256,7776,4626,0
89,2,exact_rerank,0.0,256,7776,4626,10240
89,3,pair_beam,0.0,256,7776,4626,0
89,3,exact_rerank,0.0,256,7776,4626,10240
90,0,pair_beam,0.0,256,7776,4626,0
90,0,exact_rerank,0.0,256,7776,4626,10240
90,1,pair_beam,0.0,256,7776,4626,0
90,1,exact_rerank,0.0,256,7776,4626,10240
90,2,pair_beam,0.0,256,7776,4626,0
90,2,exact_rerank,0.0,256,7776,4626,10240
90,3,pair_beam,0.0,256,7776,4626,0
90,3,exact_rerank,0.0,256,7776,4626,10240
91,0,pair_beam,0.0,256,7776,4626,0
91,0,exact_rerank,0.0,256,7776,4626,10240
91,1,pair_beam,0.0,256,7776,4626,0
91,1,exact_rerank,0.0,256,7776,4626,10240
91,2,pair_beam,0.0,256,7776,4626,0
91,2,exact_rerank,0.0,256,7776,4626,10240
91,3,pair_beam,0.0,256,7776,4626,0
91,3,exact_rerank,0.0,256,7776,4626,10240
92,0,pair_beam,0.0,256,7776,4626,0
92,0,exact_rerank,0.0,256,7776,4626,10240
92,1,pair_beam,0.0,256,7776,4626,0
92,1,exact_rerank,0.0,256,7776,4626,10240
92,2,pair_beam,0.0,256,7776,4626,0
92,2,exact_rerank,0.0,256,7776,4626,10240
92,3,pair_beam,0.0,256,7776,4626,0
92,3,exact_rerank,0.0,256,7776,4626,10240
93,0,pair_beam,0.0,256,7776,4626,0
93,0,exact_rerank,0.0,256,7776,4626,10240
93,1,pair_beam,0.0,256,7776,4626,0
93,1,exact_rerank,0.0,256,7776,4626,10240
93,2,pair_beam,0.0,256,7776,4626,0
93,2,exact_rerank,0.0,256,7776,4626,10240
93,3,pair_beam,0.4782608695652174,256,7776,4626,0
93,3,exact_rerank,0.0,256,7776,4626,10240
94,0,pair_beam,1.0,256,7776,4626,0
94,0,exact_rerank,1.0,256,7776,4626,10240
94,1,pair_beam,0.0,256,7776,4626,0
94,1,exact_rerank,0.0,256,7776,4626,10240
94,2,pair_beam,0.0,256,7776,4626,0
94,2,exact_rerank,0.0,256,7776,4626,10240
94,3,pair_beam,0.0,256,7776,4626,0
94,3,exact_rerank,0.0,256,7776,4626,10240
95,0,pair_beam,0.0,256,7776,4626,0
95,0,exact_rerank,0.0,256,7776,4626,10240
95,1,pair_beam,0.0,256,7776,4626,0
95,1,exact_rerank,0.0,256,7776,4626,10240
95,2,pair_beam,0.0,256,7776,4626,0
95,2,exact_rerank,0.0,256,7776,4626,10240
95,3,pair_beam,0.0,256,7776,4626,0
95,3,exact_rerank,0.0,256,7776,4626,10240
96,0,pair_beam,0.0,256,7776,4626,0
96,0,exact_rerank,0.0,256,7776,4626,10240
96,1,pair_beam,0.0,256,7776,4626,0
96,1,exact_rerank,0.0,256,7776,4626,10240
96,2,pair_beam,0.0,256,7776,4626,0
96,2,exact_rerank,0.0,256,7776,4626,10240
96,3,pair_beam,0.0,256,7776,4626,0
96,3,exact_rerank,0.0,256,7776,4626,10240
97,0,pair_beam,0.0,256,7776,4626,0
97,0,exact_rerank,0.0,256,7776,4626,10240
97,1,pair_beam,0.0,256,7776,4626,0
97,1,exact_rerank,0.0,256,7776,4626,10240
97,2,pair_beam,0.0,256,7776,4626,0
97,2,exact_rerank,0.0,256,7776,4626,10240
97,3,pair_beam,0.0,256,7776,4626,0
97,3,exact_rerank,0.0,256,7776,4626,10240
98,0,pair_beam,0.0,256,7776,4626,0
98,0,exact_rerank,0.0,256,7776,4626,10240
98,1,pair_beam,0.0,256,7776,4626,0
98,1,exact_rerank,0.0,256,7776,4626,10240
98,2,pair_beam,0.0,256,7776,4626,0
98,2,exact_rerank,0.0,256,7776,4626,10240
98,3,pair_beam,0.0,256,7776,4626,0
98,3,exact_rerank,0.0,256,7776,4626,10240
99,0,pair_beam,0.0,256,7776,4626,0
99,0,exact_rerank,0.0,256,7776,4626,10240
99,1,pair_beam,0.0,256,7776,4626,0
99,1,exact_rerank,0.0,256,7776,4626,10240
99,2,pair_beam,0.0,256,7776,4626,0
99,2,exact_rerank,0.0,256,7776,4626,10240
99,3,pair_beam,0.0,256,7776,4626,0
99,3,exact_rerank,0.0,256,7776,4626,10240
100,0,pair_beam,0.0,256,7776,4626,0
100,0,exact_rerank,0.0,256,7776,4626,10240
100,1,pair_beam,0.0,256,7776,4626,0
100,1,exact_rerank,1.0,256,7776,4626,10240
100,2,pair_beam,0.0,256,7776,4626,0
100,2,exact_rerank,0.0,256,7776,4626,10240
100,3,pair_beam,0.0,256,7776,4626,0
100,3,exact_rerank,0.0,256,7776,4626,10240
101,0,pair_beam,0.0,256,7776,4626,0
101,0,exact_rerank,0.0,256,7776,4626,10240
101,1,pair_beam,0.0,256,7776,4626,0
101,1,exact_rerank,0.0,256,7776,4626,10240
101,2,pair_beam,0.5783132530120482,256,7776,4626,0
101,2,exact_rerank,1.0,256,7776,4626,10240
101,3,pair_beam,0.0,256,7776,4626,0
101,3,exact_rerank,0.0,256,7776,4626,10240
102,0,pair_beam,0.0,256,7776,4626,0
102,0,exact_rerank,0.0,256,7776,4626,10240
102,1,pair_beam,0.0,256,7776,4626,0
102,1,exact_rerank,0.0,256,7776,4626,10240
102,2,pair_beam,0.0,256,7776,4626,0
102,2,exact_rerank,0.0,256,7776,4626,10240
102,3,pair_beam,0.0,256,7776,4626,0
102,3,exact_rerank,0.0,256,7776,4626,10240
103,0,pair_beam,0.0,256,7776,4626,0
103,0,exact_rerank,0.0,256,7776,4626,10240
103,1,pair_beam,0.0,256,7776,4626,0
103,1,exact_rerank,0.0,256,7776,4626,10240
103,2,pair_beam,0.0,256,7776,4626,0
103,2,exact_rerank,0.0,256,7776,4626,10240
103,3,pair_beam,0.0,256,7776,4626,0
103,3,exact_rerank,0.0,256,7776,4626,10240
104,0,pair_beam,0.0,256,7776,4626,0
104,0,exact_rerank,0.0,256,7776,4626,10240
104,1,pair_beam,0.0,256,7776,4626,0
104,1,exact_rerank,0.0,256,7776,4626,10240
104,2,pair_beam,0.0,256,7776,4626,0
104,2,exact_rerank,0.0,256,7776,4626,10240
104,3,pair_beam,0.0,256,7776,4626,0
104,3,exact_rerank,0.0,256,7776,4626,10240
105,0,pair_beam,0.0,256,7776,4626,0
105,0,exact_rerank,0.0,256,7776,4626,10240
105,1,pair_beam,0.0,256,7776,4626,0
105,1,exact_rerank,0.0,256,7776,4626,10240
105,2,pair_beam,0.0,256,7776,4626,0
105,2,exact_rerank,0.0,256,7776,4626,10240
105,3,pair_beam,0.0,256,7776,4626,0
105,3,exact_rerank,0.0,256,7776,4626,10240
106,0,pair_beam,0.0,256,7776,4626,0
106,0,exact_rerank,0.0,256,7776,4626,10240
106,1,pair_beam,0.0,256,7776,4626,0
106,1,exact_rerank,0.0,256,7776,4626,10240
106,2,pair_beam,0.0,256,7776,4626,0
106,2,exact_rerank,0.0,256,7776,4626,10240
106,3,pair_beam,0.0,256,7776,4626,0
106,3,exact_rerank,0.0,256,7776,4626,10240
107,0,pair_beam,0.0,256,7776,4626,0
107,0,exact_rerank,0.0,256,7776,4626,10240
107,1,pair_beam,0.0,256,7776,4626,0
107,1,exact_rerank,0.0,256,7776,4626,10240
107,2,pair_beam,0.0,256,7776,4626,0
107,2,exact_rerank,0.0,256,7776,4626,10240
107,3,pair_beam,1.0,256,7776,4626,0
107,3,exact_rerank,0.0,256,7776,4626,10240
108,0,pair_beam,0.0,256,7776,4626,0
108,0,exact_rerank,0.0,256,7776,4626,10240
108,1,pair_beam,1.0,256,7776,4626,0
108,1,exact_rerank,1.0,256,7776,4626,10240
108,2,pair_beam,0.0,256,7776,4626,0
108,2,exact_rerank,0.0,256,7776,4626,10240
108,3,pair_beam,0.0,256,7776,4626,0
108,3,exact_rerank,0.0,256,7776,4626,10240
109,0,pair_beam,0.0,256,7776,4626,0
109,0,exact_rerank,0.0,256,7776,4626,10240
109,1,pair_beam,0.0,256,7776,4626,0
109,1,exact_rerank,0.0,256,7776,4626,10240
109,2,pair_beam,0.0,256,7776,4626,0
109,2,exact_rerank,0.0,256,7776,4626,10240
109,3,pair_beam,0.0,256,7776,4626,0
109,3,exact_rerank,0.0,256,7776,4626,10240
110,0,pair_beam,0.0,256,7776,4626,0
110,0,exact_rerank,0.0,256,7776,4626,10240
110,1,pair_beam,0.0,256,7776,4626,0
110,1,exact_rerank,1.0,256,7776,4626,10240
110,2,pair_beam,0.0,256,7776,4626,0
110,2,exact_rerank,0.0,256,7776,4626,10240
110,3,pair_beam,0.0,256,7776,4626,0
110,3,exact_rerank,0.0,256,7776,4626,10240
111,0,pair_beam,0.0,256,7776,4626,0
111,0,exact_rerank,0.0,256,7776,4626,10240
111,1,pair_beam,0.0,256,7776,4626,0
111,1,exact_rerank,0.0,256,7776,4626,10240
111,2,pair_beam,0.0,256,7776,4626,0
111,2,exact_rerank,0.0,256,7776,4626,10240
111,3,pair_beam,0.0,256,7776,4626,0
111,3,exact_rerank,0.0,256,7776,4626,10240
112,0,pair_beam,0.0,256,7776,4626,0
112,0,exact_rerank,0.0,256,7776,4626,10240
112,1,pair_beam,0.0,256,7776,4626,0
112,1,exact_rerank,0.0,256,7776,4626,10240
112,2,pair_beam,0.0,256,7776,4626,0
112,2,exact_rerank,0.0,256,7776,4626,10240
112,3,pair_beam,0.0,256,7776,4626,0
112,3,exact_rerank,0.0,256,7776,4626,10240
113,0,pair_beam,0.0,256,7776,4626,0
113,0,exact_rerank,0.0,256,7776,4626,10240
113,1,pair_beam,0.0,256,7776,4626,0
113,1,exact_rerank,0.0,256,7776,4626,10240
113,2,pair_beam,0.0,256,7776,4626,0
113,2,exact_rerank,0.0,256,7776,4626,10240
113,3,pair_beam,0.0,256,7776,4626,0
113,3,exact_rerank,0.0,256,7776,4626,10240
114,0,pair_beam,0.0,256,7776,4626,0
114,0,exact_rerank,0.0,256,7776,4626,10240
114,1,pair_beam,1.0,256,7776,4626,0
114,1,exact_rerank,1.0,256,7776,4626,10240
114,2,pair_beam,0.0,256,7776,4626,0
114,2,exact_rerank,0.0,256,7776,4626,10240
114,3,pair_beam,0.0,256,7776,4626,0
114,3,exact_rerank,0.0,256,7776,4626,10240
115,0,pair_beam,0.0,256,7776,4626,0
115,0,exact_rerank,0.0,256,7776,4626,10240
115,1,pair_beam,0.0,256,7776,4626,0
115,1,exact_rerank,0.0,256,7776,4626,10240
115,2,pair_beam,0.0,256,7776,4626,0
115,2,exact_rerank,0.0,256,7776,4626,10240
115,3,pair_beam,0.0,256,7776,4626,0
115,3,exact_rerank,0.0,256,7776,4626,10240
116,0,pair_beam,0.0,256,7776,4626,0
116,0,exact_rerank,0.0,256,7776,4626,10240
116,1,pair_beam,0.0,256,7776,4626,0
116,1,exact_rerank,0.0,256,7776,4626,10240
116,2,pair_beam,0.0,256,7776,4626,0
116,2,exact_rerank,0.0,256,7776,4626,10240
116,3,pair_beam,0.0,256,7776,4626,0
116,3,exact_rerank,0.0,256,7776,4626,10240
117,0,pair_beam,0.0,256,7776,4626,0
117,0,exact_rerank,0.0,256,7776,4626,10240
117,1,pair_beam,0.0,256,7776,4626,0
117,1,exact_rerank,0.0,256,7776,4626,10240
117,2,pair_beam,0.0,256,7776,4626,0
117,2,exact_rerank,0.0,256,7776,4626,10240
117,3,pair_beam,0.0,256,7776,4626,0
117,3,exact_rerank,0.0,256,7776,4626,10240
118,0,pair_beam,0.0,256,7776,4626,0
118,0,exact_rerank,0.0,256,7776,4626,10240
118,1,pair_beam,0.0,256,7776,4626,0
118,1,exact_rerank,0.0,256,7776,4626,10240
118,2,pair_beam,0.0,256,7776,4626,0
118,2,exact_rerank,0.0,256,7776,4626,10240
118,3,pair_beam,0.0,256,7776,4626,0
118,3,exact_rerank,0.0,256,7776,4626,10240
119,0,pair_beam,1.0,256,7776,4626,0
119,0,exact_rerank,0.0,256,7776,4626,10240
119,1,pair_beam,0.0,256,7776,4626,0
119,1,exact_rerank,0.0,256,7776,4626,10240
119,2,pair_beam,0.0,256,7776,4626,0
119,2,exact_rerank,0.0,256,7776,4626,10240
119,3,pair_beam,0.0,256,7776,4626,0
119,3,exact_rerank,0.0,256,7776,4626,10240
120,0,pair_beam,0.0,256,7776,4626,0
120,0,exact_rerank,0.0,256,7776,4626,10240
120,1,pair_beam,0.0,256,7776,4626,0
120,1,exact_rerank,0.0,256,7776,4626,10240
120,2,pair_beam,0.0,256,7776,4626,0
120,2,exact_rerank,0.0,256,7776,4626,10240
120,3,pair_beam,0.0,256,7776,4626,0
120,3,exact_rerank,0.0,256,7776,4626,10240
121,0,pair_beam,0.0,256,7776,4626,0
121,0,exact_rerank,0.0,256,7776,4626,10240
121,1,pair_beam,0.0,256,7776,4626,0
121,1,exact_rerank,0.0,256,7776,4626,10240
121,2,pair_beam,0.0,256,7776,4626,0
121,2,exact_rerank,0.0,256,7776,4626,10240
121,3,pair_beam,0.0,256,7776,4626,0
121,3,exact_rerank,0.0,256,7776,4626,10240
122,0,pair_beam,0.0,256,7776,4626,0
122,0,exact_rerank,0.0,256,7776,4626,10240
122,1,pair_beam,0.0,256,7776,4626,0
122,1,exact_rerank,0.0,256,7776,4626,10240
122,2,pair_beam,0.0,256,7776,4626,0
122,2,exact_rerank,0.0,256,7776,4626,10240
122,3,pair_beam,0.0,256,7776,4626,0
122,3,exact_rerank,0.0,256,7776,4626,10240
123,0,pair_beam,0.0,256,7776,4626,0
123,0,exact_rerank,1.0,256,7776,4626,10240
123,1,pair_beam,0.0,256,7776,4626,0
123,1,exact_rerank,0.0,256,7776,4626,10240
123,2,pair_beam,0.0,256,7776,4626,0
123,2,exact_rerank,0.0,256,7776,4626,10240
123,3,pair_beam,0.0,256,7776,4626,0
123,3,exact_rerank,0.0,256,7776,4626,10240
124,0,pair_beam,0.0,256,7776,4626,0
124,0,exact_rerank,0.0,256,7776,4626,10240
124,1,pair_beam,0.0,256,7776,4626,0
124,1,exact_rerank,0.0,256,7776,4626,10240
124,2,pair_beam,0.0,256,7776,4626,0
124,2,exact_rerank,0.0,256,7776,4626,10240
124,3,pair_beam,0.0,256,7776,4626,0
124,3,exact_rerank,1.0,256,7776,4626,10240
125,0,pair_beam,0.0,256,7776,4626,0
125,0,exact_rerank,0.0,256,7776,4626,10240
125,1,pair_beam,0.0,256,7776,4626,0
125,1,exact_rerank,0.0,256,7776,4626,10240
125,2,pair_beam,0.0,256,7776,4626,0
125,2,exact_rerank,0.0,256,7776,4626,10240
125,3,pair_beam,0.0,256,7776,4626,0
125,3,exact_rerank,0.0,256,7776,4626,10240
126,0,pair_beam,0.0,256,7776,4626,0
126,0,exact_rerank,0.0,256,7776,4626,10240
126,1,pair_beam,0.0,256,7776,4626,0
126,1,exact_rerank,0.0,256,7776,4626,10240
126,2,pair_beam,0.0,256,7776,4626,0
126,2,exact_rerank,1.0,256,7776,4626,10240
126,3,pair_beam,0.0,256,7776,4626,0
126,3,exact_rerank,0.0,256,7776,4626,10240
127,0,pair_beam,0.0,256,7776,4626,0
127,0,exact_rerank,0.0,256,7776,4626,10240
127,1,pair_beam,0.0,256,7776,4626,0
127,1,exact_rerank,1.0,256,7776,4626,10240
127,2,pair_beam,0.0,256,7776,4626,0
127,2,exact_rerank,0.0,256,7776,4626,10240
127,3,pair_beam,0.0,256,7776,4626,0
127,3,exact_rerank,0.0,256,7776,4626,10240
