selector,beta,p,ell,list_log2,collision_list_log2,iteration_log2,mean_inverse_success_log2,expected_work_log2,gain_vs_uniform_prange_bits
leakage,0.0,0,0,0.0,0.0,0.0,128.0,128.0,0.0
leakage,0.25,0,0,0.0,0.0,0.0,127.49590645848451,127.49590645848451,0.5040935415154877
leakage,0.5,0,0,0.0,0.0,0.0,127.18276781123006,127.18276781123006,0.8172321887699354
leakage,1.0,0,0,0.0,0.0,0.0,127.12298832320877,127.12298832320877,0.877011676791227
leakage,2.0,0,0,0.0,0.0,0.0,128.98016087383152,128.98016087383152,-0.9801608738315224
leakage,4.0,0,0,0.0,0.0,0.0,138.63618638957902,138.63618638957902,-10.636186389579024
leakage,8.0,0,0,0.0,0.0,0.0,175.3537827036,175.3537827036,-47.35378270359999
uniform,0.0,0,0,0.0,0.0,0.0,128.0,128.0,0.0
leakage,0.0,0,1,0.0,-16.00002201361136,0.0,128.00140957025468,128.00140957025468,-0.0014095702546796929
leakage,0.25,0,1,0.0,-16.00002201361136,0.0,127.49731602873918,127.49731602873918,0.5026839712608222
leakage,0.5,0,1,0.0,-16.00002201361136,0.0,127.18417738148473,127.18417738148473,0.8158226185152699
leakage,1.0,0,1,0.0,-16.00002201361136,0.0,127.12439789346344,127.12439789346344,0.8756021065365616
leakage,2.0,0,1,0.0,-16.00002201361136,0.0,128.9815704440862,128.9815704440862,-0.9815704440862021
leakage,4.0,0,1,0.0,-16.00002201361136,0.0,138.6375959598337,138.6375959598337,-10.637595959833703
leakage,8.0,0,1,0.0,-16.00002201361136,0.0,175.35519227385464,175.35519227385464,-47.35519227385464
uniform,0.0,0,1,0.0,-16.00002201361136,0.0,128.00140957025468,128.00140957025468,-0.0014095702546796929
leakage,0.0,0,2,0.0,-32.00004402722272,0.0,128.00281914050933,128.00281914050933,-0.002819140509330964
leakage,0.25,0,2,0.0,-32.00004402722272,0.0,127.49872559899384,127.49872559899384,0.5012744010061567
leakage,0.5,0,2,0.0,-32.00004402722272,0.0,127.18558695173941,127.18558695173941,0.8144130482605902
leakage,1.0,0,2,0.0,-32.00004402722272,0.0,127.12580746371812,127.12580746371812,0.8741925362818819
leakage,2.0,0,2,0.0,-32.00004402722272,0.0,128.98298001434085,128.98298001434085,-0.9829800143408534
leakage,4.0,0,2,0.0,-32.00004402722272,0.0,138.63900553008838,138.63900553008838,-10.639005530088383
leakage,8.0,0,2,0.0,-32.00004402722272,0.0,175.35660184410932,175.35660184410932,-47.35660184410932
uniform,0.0,0,2,0.0,-32.00004402722272,0.0,128.00281914050933,128.00281914050933,-0.002819140509330964
leakage,0.0,0,3,0.0,-48.000066040834085,0.0,128.004228710764,128.004228710764,-0.004228710764010657
leakage,0.25,0,3,0.0,-48.000066040834085,0.0,127.50013516924852,127.50013516924852,0.49986483075147703
leakage,0.5,0,3,0.0,-48.000066040834085,0.0,127.18699652199408,127.18699652199408,0.8130034780059248
leakage,1.0,0,3,0.0,-48.000066040834085,0.0,127.12721703397278,127.12721703397278,0.8727829660272164
leakage,2.0,0,3,0.0,-48.000066040834085,0.0,128.98438958459553,128.98438958459553,-0.984389584595533
leakage,4.0,0,3,0.0,-48.000066040834085,0.0,138.64041510034303,138.64041510034303,-10.640415100343034
leakage,8.0,0,3,0.0,-48.000066040834085,0.0,175.358011414364,175.358011414364,-47.358011414364
uniform,0.0,0,3,0.0,-48.000066040834085,0.0,128.004228710764,128.004228710764,-0.004228710764010657
leakage,0.0,0,4,0.0,-64.00008805444544,0.0,128.0056382810187,128.0056382810187,-0.00563828101869035
leakage,0.25,0,4,0.0,-64.00008805444544,0.0,127.50154473950319,127.50154473950319,0.49845526049681155
leakage,0.5,0,4,0.0,-64.00008805444544,0.0,127.18840609224874,127.18840609224874,0.8115939077512593
leakage,1.0,0,4,0.0,-64.00008805444544,0.0,127.12862660422745,127.12862660422745,0.8713733957725509
leakage,2.0,0,4,0.0,-64.00008805444544,0.0,128.9857991548502,128.9857991548502,-0.9857991548502127
leakage,4.0,0,4,0.0,-64.00008805444544,0.0,138.6418246705977,138.6418246705977,-10.641824670597714
leakage,8.0,0,4,0.0,-64.00008805444544,0.0,175.35942098461865,175.35942098461865,-47.35942098461865
uniform,0.0,0,4,0.0,-64.00008805444544,0.0,128.0056382810187,128.0056382810187,-0.00563828101869035
leakage,0.0,0,5,0.0,-80.0001100680568,0.0,128.00704785127337,128.00704785127337,-0.007047851273370043
leakage,0.25,0,5,0.0,-80.0001100680568,0.0,127.50295430975787,127.50295430975787,0.49704569024213185
leakage,0.5,0,5,0.0,-80.0001100680568,0.0,127.18981566250342,127.18981566250342,0.8101843374965796
leakage,1.0,0,5,0.0,-80.0001100680568,0.0,127.13003617448213,127.13003617448213,0.8699638255178712
leakage,2.0,0,5,0.0,-80.0001100680568,0.0,128.9872087251049,128.9872087251049,-0.9872087251048924
leakage,4.0,0,5,0.0,-80.0001100680568,0.0,138.6432342408524,138.6432342408524,-10.643234240852394
leakage,8.0,0,5,0.0,-80.0001100680568,0.0,175.36083055487333,175.36083055487333,-47.36083055487333
uniform,0.0,0,5,0.0,-80.0001100680568,0.0,128.00704785127337,128.00704785127337,-0.007047851273370043
leakage,0.0,0,6,0.0,-96.00013208166817,0.0,128.00845742152802,128.00845742152802,-0.008457421528021314
leakage,0.25,0,6,0.0,-96.00013208166817,0.0,127.50436388001253,127.50436388001253,0.4956361199874664
leakage,0.5,0,6,0.0,-96.00013208166817,0.0,127.19122523275809,127.19122523275809,0.8087747672419141
leakage,1.0,0,6,0.0,-96.00013208166817,0.0,127.1314457447368,127.1314457447368,0.8685542552632057
leakage,2.0,0,6,0.0,-96.00013208166817,0.0,128.98861829535954,128.98861829535954,-0.9886182953595437
leakage,4.0,0,6,0.0,-96.00013208166817,0.0,138.64464381110704,138.64464381110704,-10.644643811107045
leakage,8.0,0,6,0.0,-96.00013208166817,0.0,175.362240125128,175.362240125128,-47.36224012512801
uniform,0.0,0,6,0.0,-96.00013208166817,0.0,128.00845742152802,128.00845742152802,-0.008457421528021314
leakage,0.0,0,7,0.0,-112.00015409527953,0.0,128.0098669917827,128.0098669917827,-0.009866991782701007
leakage,0.25,0,7,0.0,-112.00015409527953,0.0,127.5057734502672,127.5057734502672,0.4942265497328009
leakage,0.5,0,7,0.0,-112.00015409527953,0.0,127.19263480301277,127.19263480301277,0.8073651969872344
leakage,1.0,0,7,0.0,-112.00015409527953,0.0,127.13285531499147,127.13285531499147,0.867144685008526
leakage,2.0,0,7,0.0,-112.00015409527953,0.0,128.99002786561422,128.99002786561422,-0.9900278656142234
leakage,4.0,0,7,0.0,-112.00015409527953,0.0,138.64605338136172,138.64605338136172,-10.646053381361725
leakage,8.0,0,7,0.0,-112.00015409527953,0.0,175.3636496953827,175.3636496953827,-47.36364969538269
uniform,0.0,0,7,0.0,-112.00015409527953,0.0,128.0098669917827,128.0098669917827,-0.009866991782701007
leakage,0.0,0,8,0.0,-128.00017610889088,0.0,128.01127656203738,128.01127656203738,-0.0112765620373807
leakage,0.25,0,8,0.0,-128.00017610889088,0.0,127.50718302052188,127.50718302052188,0.4928169794781212
leakage,0.5,0,8,0.0,-128.00017610889088,0.0,127.19404437326743,127.19404437326743,0.8059556267325689
leakage,1.0,0,8,0.0,-128.00017610889088,0.0,127.13426488524614,127.13426488524614,0.8657351147538606
leakage,2.0,0,8,0.0,-128.00017610889088,0.0,128.9914374358689,128.9914374358689,-0.9914374358689031
leakage,4.0,0,8,0.0,-128.00017610889088,0.0,138.6474629516164,138.6474629516164,-10.647462951616404
leakage,8.0,0,8,0.0,-128.00017610889088,0.0,175.36505926563734,175.36505926563734,-47.36505926563734
uniform,0.0,0,8,0.0,-128.00017610889088,0.0,128.01127656203738,128.01127656203738,-0.0112765620373807
leakage,0.0,0,9,0.0,-144.00019812250224,0.0,128.01268613229203,128.01268613229203,-0.01268613229203197
leakage,0.25,0,9,0.0,-144.00019812250224,0.0,127.50859259077656,127.50859259077656,0.4914074092234415
leakage,0.5,0,9,0.0,-144.00019812250224,0.0,127.19545394352211,127.19545394352211,0.8045460564778892
leakage,1.0,0,9,0.0,-144.00019812250224,0.0,127.13567445550082,127.13567445550082,0.8643255444991809
leakage,2.0,0,9,0.0,-144.00019812250224,0.0,128.99284700612355,128.99284700612355,-0.9928470061235544
leakage,4.0,0,9,0.0,-144.00019812250224,0.0,138.64887252187108,138.64887252187108,-10.648872521871084
leakage,8.0,0,9,0.0,-144.00019812250224,0.0,175.36646883589202,175.36646883589202,-47.36646883589202
uniform,0.0,0,9,0.0,-144.00019812250224,0.0,128.01268613229203,128.01268613229203,-0.01268613229203197
leakage,0.0,0,10,0.0,-160.0002201361136,0.0,128.0140957025467,128.0140957025467,-0.014095702546711664
leakage,0.25,0,10,0.0,-160.0002201361136,0.0,127.51000216103122,127.51000216103122,0.489997838968776
leakage,0.5,0,10,0.0,-160.0002201361136,0.0,127.19686351377678,127.19686351377678,0.8031364862232238
leakage,1.0,0,10,0.0,-160.0002201361136,0.0,127.13708402575548,127.13708402575548,0.8629159742445154
leakage,2.0,0,10,0.0,-160.0002201361136,0.0,128.99425657637823,128.99425657637823,-0.9942565763782341
leakage,4.0,0,10,0.0,-160.0002201361136,0.0,138.65028209212574,138.65028209212574,-10.650282092125735
leakage,8.0,0,10,0.0,-160.0002201361136,0.0,175.3678784061467,175.3678784061467,-47.3678784061467
uniform,0.0,0,10,0.0,-160.0002201361136,0.0,128.0140957025467,128.0140957025467,-0.014095702546711664
leakage,0.0,0,11,0.0,-176.00024214972495,0.0,128.0155052728014,128.0155052728014,-0.015505272801391357
leakage,0.25,0,11,0.0,-176.00024214972495,0.0,127.51141173128589,127.51141173128589,0.48858826871411054
leakage,0.5,0,11,0.0,-176.00024214972495,0.0,127.19827308403144,127.19827308403144,0.8017269159685583
leakage,1.0,0,11,0.0,-176.00024214972495,0.0,127.13849359601015,127.13849359601015,0.8615064039898499
leakage,2.0,0,11,0.0,-176.00024214972495,0.0,128.9956661466329,128.9956661466329,-0.9956661466329138
leakage,4.0,0,11,0.0,-176.00024214972495,0.0,138.65169166238041,138.65169166238041,-10.651691662380415
leakage,8.0,0,11,0.0,-176.00024214972495,0.0,175.36928797640135,175.36928797640135,-47.36928797640135
uniform,0.0,0,11,0.0,-176.00024214972495,0.0,128.0155052728014,128.0155052728014,-0.015505272801391357
leakage,0.0,0,12,0.0,-192.00026416333634,0.0,128.01691484305604,128.01691484305604,-0.016914843056042628
leakage,0.25,0,12,0.0,-192.00026416333634,0.0,127.51282130154057,127.51282130154057,0.48717869845943085
leakage,0.5,0,12,0.0,-192.00026416333634,0.0,127.19968265428612,127.19968265428612,0.8003173457138786
leakage,1.0,0,12,0.0,-192.00026416333634,0.0,127.13990316626483,127.13990316626483,0.8600968337351702
leakage,2.0,0,12,0.0,-192.00026416333634,0.0,128.9970757168876,128.9970757168876,-0.9970757168875934
leakage,4.0,0,12,0.0,-192.00026416333634,0.0,138.6531012326351,138.6531012326351,-10.653101232635095
leakage,8.0,0,12,0.0,-192.00026416333634,0.0,175.37069754665603,175.37069754665603,-47.37069754665603
uniform,0.0,0,12,0.0,-192.00026416333634,0.0,128.01691484305604,128.01691484305604,-0.016914843056042628
leakage,0.0,0,13,0.0,-208.0002861769477,0.0,128.01832441331072,128.01832441331072,-0.01832441331072232
leakage,0.25,0,13,0.0,-208.0002861769477,0.0,127.51423087179523,127.51423087179523,0.48576912820476537
leakage,0.5,0,13,0.0,-208.0002861769477,0.0,127.20109222454079,127.20109222454079,0.7989077754592131
leakage,1.0,0,13,0.0,-208.0002861769477,0.0,127.1413127365195,127.1413127365195,0.8586872634805047
leakage,2.0,0,13,0.0,-208.0002861769477,0.0,128.99848528714224,128.99848528714224,-0.9984852871422447
leakage,4.0,0,13,0.0,-208.0002861769477,0.0,138.65451080288975,138.65451080288975,-10.654510802889746
leakage,8.0,0,13,0.0,-208.0002861769477,0.0,175.3721071169107,175.3721071169107,-47.37210711691071
uniform,0.0,0,13,0.0,-208.0002861769477,0.0,128.01832441331072,128.01832441331072,-0.01832441331072232
leakage,0.0,0,14,0.0,-224.00030819055905,0.0,128.0197339835654,128.0197339835654,-0.019733983565402013
leakage,0.25,0,14,0.0,-224.00030819055905,0.0,127.5156404420499,127.5156404420499,0.4843595579500999
leakage,0.5,0,14,0.0,-224.00030819055905,0.0,127.20250179479547,127.20250179479547,0.7974982052045334
leakage,1.0,0,14,0.0,-224.00030819055905,0.0,127.14272230677417,127.14272230677417,0.857277693225825
leakage,2.0,0,14,0.0,-224.00030819055905,0.0,128.99989485739692,128.99989485739692,-0.9998948573969244
leakage,4.0,0,14,0.0,-224.00030819055905,0.0,138.65592037314443,138.65592037314443,-10.655920373144426
leakage,8.0,0,14,0.0,-224.00030819055905,0.0,175.37351668716536,175.37351668716536,-47.37351668716536
uniform,0.0,0,14,0.0,-224.00030819055905,0.0,128.0197339835654,128.0197339835654,-0.019733983565402013
leakage,0.0,0,15,0.0,-240.0003302041704,0.0,128.02114355382008,128.02114355382008,-0.021143553820081706
leakage,0.25,0,15,0.0,-240.0003302041704,0.0,127.51705001230458,127.51705001230458,0.4829499876954202
leakage,0.5,0,15,0.0,-240.0003302041704,0.0,127.20391136505013,127.20391136505013,0.7960886349498679
leakage,1.0,0,15,0.0,-240.0003302041704,0.0,127.14413187702884,127.14413187702884,0.8558681229711596
leakage,2.0,0,15,0.0,-240.0003302041704,0.0,129.0013044276516,129.0013044276516,-1.001304427651604
leakage,4.0,0,15,0.0,-240.0003302041704,0.0,138.6573299433991,138.6573299433991,-10.657329943399105
leakage,8.0,0,15,0.0,-240.0003302041704,0.0,175.37492625742004,175.37492625742004,-47.37492625742004
uniform,0.0,0,15,0.0,-240.0003302041704,0.0,128.02114355382008,128.02114355382008,-0.021143553820081706
leakage,0.0,0,16,0.0,-256.00035221778177,0.0,128.02255312407473,128.02255312407473,-0.022553124074732978
leakage,0.25,0,16,0.0,-256.00035221778177,0.0,127.51845958255925,127.51845958255925,0.4815404174407547
leakage,0.5,0,16,0.0,-256.00035221778177,0.0,127.20532093530481,127.20532093530481,0.7946790646951882
leakage,1.0,0,16,0.0,-256.00035221778177,0.0,127.1455414472835,127.1455414472835,0.8544585527164941
leakage,2.0,0,16,0.0,-256.00035221778177,0.0,129.00271399790626,129.00271399790626,-1.0027139979062554
leakage,4.0,0,16,0.0,-256.00035221778177,0.0,138.65873951365379,138.65873951365379,-10.658739513653785
leakage,8.0,0,16,0.0,-256.00035221778177,0.0,175.37633582767472,175.37633582767472,-47.37633582767472
uniform,0.0,0,16,0.0,-256.00035221778177,0.0,128.02255312407473,128.02255312407473,-0.022553124074732978
leakage,0.0,2,0,32.584962500721154,65.16992500144231,65.16992500144231,114.83007499855769,180.0,-52.0
leakage,0.25,2,0,32.584962500721154,65.16992500144231,65.16992500144231,114.34354370541121,179.51346870685353,-51.51346870685353
leakage,0.5,2,0,32.584962500721154,65.16992500144231,65.16992500144231,114.03303286180568,179.202957863248,-51.202957863248
leakage,1.0,2,0,32.584962500721154,65.16992500144231,65.16992500144231,113.93665800569067,179.106583007133,-51.106583007133
leakage,2.0,2,0,32.584962500721154,65.16992500144231,65.16992500144231,115.59873835612166,180.76866335756398,-52.76866335756398
leakage,4.0,2,0,32.584962500721154,65.16992500144231,65.16992500144231,124.53639367069782,189.70631867214013,-61.70631867214013
leakage,8.0,2,0,32.584962500721154,65.16992500144231,65.16992500144231,158.82878204241226,223.99870704385455,-95.99870704385455
uniform,0.0,2,0,32.584962500721154,65.16992500144231,65.16992500144231,114.83007499855769,180.0,-52.0
leakage,0.0,2,1,32.584977176499386,49.16991766360918,49.16991766360918,114.8314258092139,164.00134347282307,-36.001343472823066
leakage,0.25,2,1,32.584977176499386,49.16991766360918,49.16991766360918,114.3448937423127,163.51481140592188,-35.514811405921876
leakage,0.5,2,1,32.584977176499386,49.16991766360918,49.16991766360918,114.03438238644945,163.20430005005863,-35.204300050058634
leakage,1.0,2,1,32.584977176499386,49.16991766360918,49.16991766360918,113.9380077423718,163.10792540598098,-35.10792540598098
leakage,2.0,2,1,32.584977176499386,49.16991766360918,49.16991766360918,115.6000926339302,164.7700102975394,-36.770010297539386
leakage,4.0,2,1,32.584977176499386,49.16991766360918,49.16991766360918,124.5377606469964,173.7076783106056,-45.70767831060559
leakage,8.0,2,1,32.584977176499386,49.16991766360918,49.16991766360918,158.83017074016232,208.00008840377149,-80.00008840377149
uniform,0.0,2,1,32.584977176499386,49.16991766360918,49.16991766360918,114.8314258092139,164.00134347282307,-36.00134347282308
leakage,0.0,2,2,32.584977176499386,33.16991032577605,33.16991032577605,114.83277661987012,148.00268694564616,-20.00268694564616
leakage,0.25,2,2,32.584977176499386,33.16991032577605,33.16991032577605,114.34624552850406,147.5161558542801,-19.5161558542801
leakage,0.5,2,2,32.584977176499386,33.16991032577605,33.16991032577605,114.03573523636504,147.2056455621411,-19.205645562141086
leakage,1.0,2,2,32.584977176499386,33.16991032577605,33.16991032577605,113.93936273110722,147.10927305688327,-19.109273056883268
leakage,2.0,2,2,32.584977176499386,33.16991032577605,33.16991032577605,115.60145117509822,148.77136150087426,-20.771361500874264
leakage,4.0,2,2,32.584977176499386,33.16991032577605,33.16991032577605,124.53912461779333,157.70903494356938,-29.709034943569378
leakage,8.0,2,2,32.584977176499386,33.16991032577605,33.16991032577605,158.83154443571001,192.00145476148606,-64.00145476148606
uniform,0.0,2,2,32.584977176499386,33.16991032577605,33.16991032577605,114.83277661987012,148.00268694564616,-20.00268694564616
leakage,0.0,2,3,32.584991852128326,17.169902987793634,32.584991852128326,114.83412743291946,147.41911928504777,-19.41911928504777
leakage,0.25,2,3,32.584991852128326,17.169902987793634,32.584991852128326,114.34759718952836,146.93258904165668,-18.932589041656684
leakage,0.5,2,3,32.584991852128326,17.169902987793634,32.584991852128326,114.03708797718038,146.6220798293087,-18.62207982930869
leakage,1.0,2,3,32.584991852128326,17.169902987793634,32.584991852128326,113.94071802368937,146.5257098758177,-18.52570987581771
leakage,2.0,2,3,32.584991852128326,17.169902987793634,32.584991852128326,115.60281165028776,148.1878035024161,-20.187803502416102
leakage,4.0,2,3,32.584991852128326,17.169902987793634,32.584991852128326,124.54049500489712,157.12548685702546,-29.125486857025464
leakage,8.0,2,3,32.584991852128326,17.169902987793634,32.584991852128326,158.83293363612356,191.41792548825188,-63.41792548825188
uniform,0.0,2,3,32.584991852128326,17.169902987793634,32.584991852128326,114.83412743291946,147.41911928504777,-19.419119285047785
leakage,0.0,2,4,32.584991852128326,1.1698956498112096,32.584991852128326,114.8354782459688,147.42047009809713,-19.420470098097127
leakage,0.25,2,4,32.584991852128326,1.1698956498112096,32.584991852128326,114.34894872430118,146.9339405764295,-18.933940576429507
leakage,0.5,2,4,32.584991852128326,1.1698956498112096,32.584991852128326,114.0384406923066,146.62343254443493,-18.623432544434934
leakage,1.0,2,4,32.584991852128326,1.1698956498112096,32.584991852128326,113.94207457439116,146.52706642651947,-18.527066426519468
leakage,2.0,2,4,32.584991852128326,1.1698956498112096,32.584991852128326,115.60417910743517,148.1891709595635,-20.189170959563512
leakage,4.0,2,4,32.584991852128326,1.1698956498112096,32.584991852128326,124.5418810538982,157.1268729060265,-29.126872906026506
leakage,8.0,2,4,32.584991852128326,1.1698956498112096,32.584991852128326,158.83433672925506,191.41932858138338,-63.41932858138338
uniform,0.0,2,4,32.584991852128326,1.1698956498112096,32.584991852128326,114.8354782459688,147.42047009809713,-19.420470098097127
leakage,0.0,2,5,32.58500652760799,-14.830111688320486,32.58500652760799,114.83682906141107,147.42183558901905,-19.421835589019054
leakage,0.25,2,5,32.58500652760799,-14.830111688320486,32.58500652760799,114.35029832460869,146.9353048522167,-18.93530485221669
leakage,0.5,2,5,32.58500652760799,-14.830111688320486,32.58500652760799,114.03978925050002,146.62479577810802,-18.624795778108023
leakage,1.0,2,5,32.58500652760799,-14.830111688320486,32.58500652760799,113.94342185219608,146.52842837980407,-18.52842837980407
leakage,2.0,2,5,32.58500652760799,-14.830111688320486,32.58500652760799,115.60552591634529,148.19053244395326,-20.19053244395326
leakage,4.0,2,5,32.58500652760799,-14.830111688320486,32.58500652760799,124.5432280641105,157.12823459171847,-29.128234591718467
leakage,8.0,2,5,32.58500652760799,-14.830111688320486,32.58500652760799,158.83569209573926,191.42069862334725,-63.42069862334725
uniform,0.0,2,5,32.58500652760799,-14.830111688320486,32.58500652760799,114.83682906141107,147.42183558901905,-19.421835589019054
leakage,0.0,2,6,32.58500652760799,-30.830119026452195,32.58500652760799,114.83817987685335,147.42318640446132,-19.42318640446132
leakage,0.25,2,6,32.58500652760799,-30.830119026452195,32.58500652760799,114.35164995592103,146.93665648352902,-18.93665648352902
leakage,0.5,2,6,32.58500652760799,-30.830119026452195,32.58500652760799,114.04114213791003,146.62614866551803,-18.62614866551803
leakage,1.0,2,6,32.58500652760799,-30.830119026452195,32.58500652760799,113.94477799498937,146.52978452259737,-18.529784522597367
leakage,2.0,2,6,32.58500652760799,-30.830119026452195,32.58500652760799,115.60688839639197,148.19189492399994,-20.19189492399994
leakage,4.0,2,6,32.58500652760799,-30.830119026452195,32.58500652760799,124.54460073755338,157.12960726516138,-29.129607265161383
leakage,8.0,2,6,32.58500652760799,-30.830119026452195,32.58500652760799,158.83708236400668,191.42208889161466,-63.42208889161466
uniform,0.0,2,6,32.58500652760799,-30.830119026452195,32.58500652760799,114.83817987685335,147.42318640446132,-19.423186404461333
leakage,0.0,2,7,32.58502120293836,-46.83012636473319,32.58502120293836,114.83953069468835,147.4245518976267,-19.424551897626714
leakage,0.25,2,7,32.58502120293836,-46.83012636473319,32.58502120293836,114.35300002461116,146.9380212275495,-18.938021227549513
leakage,0.5,2,7,32.58502120293836,-46.83012636473319,32.58502120293836,114.04249149493907,146.62751269787742,-18.62751269787742
leakage,1.0,2,7,32.58502120293836,-46.83012636473319,32.58502120293836,113.94612608157118,146.53114728450953,-18.53114728450953
leakage,2.0,2,7,32.58502120293836,-46.83012636473319,32.58502120293836,115.60823502310835,148.1932562260467,-20.193256226046714
leakage,4.0,2,7,32.58502120293836,-46.83012636473319,32.58502120293836,124.54594908096041,157.13097028389876,-29.130970283898762
leakage,8.0,2,7,32.58502120293836,-46.83012636473319,32.58502120293836,158.8384448751635,191.42346607810185,-63.42346607810185
uniform,0.0,2,7,32.58502120293836,-46.83012636473319,32.58502120293836,114.83953069468835,147.4245518976267,-19.4245518976267
leakage,0.0,2,8,32.58502120293836,-62.83013370301417,32.58502120293836,114.84088151252335,147.42590271546172,-19.425902715461717
leakage,0.25,2,8,32.58502120293836,-62.83013370301417,32.58502120293836,114.35434922593738,146.93937042887575,-18.939370428875748
leakage,0.5,2,8,32.58502120293836,-62.83013370301417,32.58502120293836,114.04383882096286,146.6288600239012,-18.62886002390121
leakage,1.0,2,8,32.58502120293836,-62.83013370301417,32.58502120293836,113.94746884768085,146.5324900506192,-18.532490050619202
leakage,2.0,2,8,32.58502120293836,-62.83013370301417,32.58502120293836,115.60956768987602,148.19458889281438,-20.19458889281438
leakage,4.0,2,8,32.58502120293836,-62.83013370301417,32.58502120293836,124.54726616497747,157.13228736791584,-29.132287367915836
leakage,8.0,2,8,32.58502120293836,-62.83013370301417,32.58502120293836,158.83974089179944,191.4247620947378,-63.42476209473779
uniform,0.0,2,8,32.58502120293836,-62.83013370301417,32.58502120293836,114.84088151252335,147.42590271546172,-19.425902715461703
leakage,0.0,2,9,32.58503587811945,-78.83014104144443,32.58503587811945,114.8422323327509,147.42726821087035,-19.427268210870352
leakage,0.25,2,9,32.58503587811945,-78.83014104144443,32.58503587811945,114.35569980246422,146.94073568058366,-18.940735680583657
leakage,0.5,2,9,32.58503587811945,-78.83014104144443,32.58503587811945,114.04518947094223,146.63022534906167,-18.630225349061675
leakage,1.0,2,9,32.58503587811945,-78.83014104144443,32.58503587811945,113.94882046991208,146.53385634803152,-18.53385634803152
leakage,2.0,2,9,32.58503587811945,-78.83014104144443,32.58503587811945,115.61092261090393,148.19595848902338,-20.195958489023383
leakage,4.0,2,9,32.58503587811945,-78.83014104144443,32.58503587811945,124.54862796860172,157.13366384672116,-29.133663846721163
leakage,8.0,2,9,32.58503587811945,-78.83014104144443,32.58503587811945,158.84111711409392,191.42615299221336,-63.42615299221336
uniform,0.0,2,9,32.58503587811945,-78.83014104144443,32.58503587811945,114.8422323327509,147.42726821087035,-19.427268210870338
leakage,0.0,2,10,32.58503587811945,-94.8301483798747,32.58503587811945,114.84358315297844,147.4286190310979,-19.428619031097895
leakage,0.25,2,10,32.58503587811945,-94.8301483798747,32.58503587811945,114.35705121801413,146.94208709613358,-18.942087096133577
leakage,0.5,2,10,32.58503587811945,-94.8301483798747,32.58503587811945,114.04654160903857,146.631577487158,-18.63157748715801
leakage,1.0,2,10,32.58503587811945,-94.8301483798747,32.58503587811945,113.95017462090871,146.53521049902815,-18.535210499028153
leakage,2.0,2,10,32.58503587811945,-94.8301483798747,32.58503587811945,115.61228347959968,148.19731935771912,-20.197319357719124
leakage,4.0,2,10,32.58503587811945,-94.8301483798747,32.58503587811945,124.55000599185848,157.13504186997793,-29.135041869977925
leakage,8.0,2,10,32.58503587811945,-94.8301483798747,32.58503587811945,158.84251652313196,191.4275524012514,-63.427552401251404
uniform,0.0,2,10,32.58503587811945,-94.8301483798747,32.58503587811945,114.84358315297844,147.4286190310979,-19.42861903109788
leakage,0.0,2,11,32.58505055315128,-110.83015571845422,32.58505055315128,114.84493397559834,147.42998452874963,-19.42998452874963
leakage,0.25,2,11,32.58505055315128,-110.83015571845422,32.58505055315128,114.35840335747962,146.9434539106309,-18.943453910630893
leakage,0.5,2,11,32.58505055315128,-110.83015571845422,32.58505055315128,114.0478954605901,146.6329460137414,-18.63294601374139
leakage,1.0,2,11,32.58505055315128,-110.83015571845422,32.58505055315128,113.95153292338834,146.53658347653962,-18.53658347653962
leakage,2.0,2,11,32.58505055315128,-110.83015571845422,32.58505055315128,115.61365183588126,148.19870238903252,-20.19870238903252
leakage,4.0,2,11,32.58505055315128,-110.83015571845422,32.58505055315128,124.55139006413269,157.13644061728397,-29.136440617283967
leakage,8.0,2,11,32.58505055315128,-110.83015571845422,32.58505055315128,158.84391781550096,191.42896836865225,-63.42896836865225
uniform,0.0,2,11,32.58505055315128,-110.83015571845422,32.58505055315128,114.84493397559834,147.42998452874963,-19.429984528749614
leakage,0.0,2,12,32.58505055315128,-126.83016305703379,32.58505055315128,114.84628479821824,147.4313353513695,-19.431335351369512
leakage,0.25,2,12,32.58505055315128,-126.83016305703379,32.58505055315128,114.35975432251976,146.94480487567103,-18.944804875671025
leakage,0.5,2,12,32.58505055315128,-126.83016305703379,32.58505055315128,114.04924604448541,146.6342965976367,-18.634296597636705
leakage,1.0,2,12,32.58505055315128,-126.83016305703379,32.58505055315128,113.95288117552415,146.53793172867543,-18.53793172867543
leakage,2.0,2,12,32.58505055315128,-126.83016305703379,32.58505055315128,115.61499199612966,148.20004254928094,-20.200042549280937
leakage,4.0,2,12,32.58505055315128,-126.83016305703379,32.58505055315128,124.55271394546196,157.13776449861325,-29.13776449861325
leakage,8.0,2,12,32.58505055315128,-126.83016305703379,32.58505055315128,158.84521870212626,191.43026925527755,-63.43026925527755
uniform,0.0,2,12,32.58505055315128,-126.83016305703379,32.58505055315128,114.84628479821824,147.4313353513695,-19.431335351369512
leakage,0.0,2,13,32.58506522803382,-142.8301703957626,32.58506522803382,114.84763562323027,147.4327008512641,-19.432700851264087
leakage,0.25,2,13,32.58506522803382,-142.8301703957626,32.58506522803382,114.36110573866591,146.94617096669973,-18.946170966699725
leakage,0.5,2,13,32.58506522803382,-142.8301703957626,32.58506522803382,114.05059784347503,146.63566307150884,-18.635663071508844
leakage,1.0,2,13,32.58506522803382,-142.8301703957626,32.58506522803382,113.95423323342683,146.53929846146065,-18.539298461460646
leakage,2.0,2,13,32.58506522803382,-142.8301703957626,32.58506522803382,115.61634501901597,148.20141024704978,-20.20141024704978
leakage,4.0,2,13,32.58506522803382,-142.8301703957626,32.58506522803382,124.55407533354605,157.13914056157986,-29.139140561579865
leakage,8.0,2,13,32.58506522803382,-142.8301703957626,32.58506522803382,158.84660086357246,191.43166609160627,-63.431666091606274
uniform,0.0,2,13,32.58506522803382,-142.8301703957626,32.58506522803382,114.84763562323027,147.4327008512641,-19.432700851264087
leakage,0.0,2,14,32.58506522803382,-158.83017773449143,32.58506522803382,114.84898644824231,147.43405167627614,-19.43405167627614
leakage,0.25,2,14,32.58506522803382,-158.83017773449143,32.58506522803382,114.3624551764439,146.94752040447773,-18.94752040447773
leakage,0.5,2,14,32.58506522803382,-158.83017773449143,32.58506522803382,114.05194550752007,146.6370107355539,-18.6370107355539
leakage,1.0,2,14,32.58506522803382,-158.83017773449143,32.58506522803382,113.955576194904,146.54064142293782,-18.540641422937824
leakage,2.0,2,14,32.58506522803382,-158.83017773449143,32.58506522803382,115.61767710249057,148.2027423305244,-20.202742330524387
leakage,4.0,2,14,32.58506522803382,-158.83017773449143,32.58506522803382,124.55539119049347,157.1404564185273,-29.140456418527293
leakage,8.0,2,14,32.58506522803382,-158.83017773449143,32.58506522803382,158.8478970934114,191.43296232144522,-63.43296232144522
uniform,0.0,2,14,32.58506522803382,-158.83017773449143,32.58506522803382,114.84898644824231,147.43405167627614,-19.434051676276127
leakage,0.0,2,15,32.58507990276709,-174.8301850733695,32.58507990276709,114.85033727564631,147.4354171784134,-19.43541717841339
leakage,0.25,2,15,32.58507990276709,-174.8301850733695,32.58507990276709,114.36380524620193,146.94888514896903,-18.948885148969026
leakage,0.5,2,15,32.58507990276709,-174.8301850733695,32.58507990276709,114.0532948769858,146.6383747797529,-18.638374779752894
leakage,1.0,2,15,32.58507990276709,-174.8301850733695,32.58507990276709,113.95692409440532,146.5420039971724,-18.5420039971724
leakage,2.0,2,15,32.58507990276709,-174.8301850733695,32.58507990276709,115.61902109318662,148.2041009959537,-20.204100995953695
leakage,4.0,2,15,32.58507990276709,-174.8301850733695,32.58507990276709,124.55672590402824,157.14180580679533,-29.141805806795333
leakage,8.0,2,15,32.58507990276709,-174.8301850733695,32.58507990276709,158.84921523846464,191.43429514123173,-63.43429514123173
uniform,0.0,2,15,32.58507990276709,-174.8301850733695,32.58507990276709,114.85033727564631,147.4354171784134,-19.435417178413402
leakage,0.0,2,16,32.58507990276709,-190.83019241224758,32.58507990276709,114.85168810305031,147.43676800581738,-19.436768005817385
leakage,0.25,2,16,32.58507990276709,-190.83019241224758,32.58507990276709,114.36515536070304,146.95023526347012,-18.95023526347012
leakage,0.5,2,16,32.58507990276709,-190.83019241224758,32.58507990276709,114.05464446942281,146.6397243721899,-18.639724372189903
leakage,1.0,2,16,32.58507990276709,-190.83019241224758,32.58507990276709,113.95827316285583,146.5433530656229,-18.54335306562291
leakage,2.0,2,16,32.58507990276709,-190.83019241224758,32.58507990276709,115.62037071461495,148.20545061738204,-20.20545061738204
leakage,4.0,2,16,32.58507990276709,-190.83019241224758,32.58507990276709,124.55808086393132,157.14316076669843,-29.14316076669843
leakage,8.0,2,16,32.58507990276709,-190.83019241224758,32.58507990276709,158.85058719076852,191.4356670935356,-63.43566709353561
uniform,0.0,2,16,32.58507990276709,-190.83019241224758,32.58507990276709,114.85168810305031,147.43676800581738,-19.4367680058174
leakage,0.0,4,0,64.1241213118292,128.2482426236584,128.2482426236584,103.75175737634163,232.00000000000003,-104.00000000000003
leakage,0.25,4,0,64.1241213118292,128.2482426236584,128.2482426236584,103.28309051975367,231.53133314341207,-103.53133314341207
leakage,0.5,4,0,64.1241213118292,128.2482426236584,128.2482426236584,102.97610413228057,231.22434675593897,-103.22434675593897
leakage,1.0,4,0,64.1241213118292,128.2482426236584,128.2482426236584,102.8461517047332,231.09439432839162,-103.09439432839162
leakage,2.0,4,0,64.1241213118292,128.2482426236584,128.2482426236584,104.32037849638003,232.56862112003842,-104.56862112003842
leakage,4.0,4,0,64.1241213118292,128.2482426236584,128.2482426236584,112.56205064048365,240.81029326414205,-112.81029326414205
leakage,8.0,4,0,64.1241213118292,128.2482426236584,128.2482426236584,144.4990979126572,272.7473405363156,-144.74734053631562
uniform,0.0,4,0,64.1241213118292,128.2482426236584,128.2482426236584,103.75175737634163,232.00000000000003,-104.00000000000003
leakage,0.0,4,1,64.12415066323635,112.2482499614542,112.2482499614542,103.75304942979251,216.00129939124673,-88.00129939124673
leakage,0.25,4,1,64.12415066323635,112.2482499614542,112.2482499614542,103.28438107344736,215.53263103490156,-87.53263103490156
leakage,0.5,4,1,64.12415066323635,112.2482499614542,112.2482499614542,102.97739365904187,215.22564362049607,-87.22564362049607
leakage,1.0,4,1,64.12415066323635,112.2482499614542,112.2482499614542,102.84744143330207,215.09569139475627,-87.09569139475627
leakage,2.0,4,1,64.12415066323635,112.2482499614542,112.2482499614542,104.32167656874117,216.56992653019537,-88.56992653019537
leakage,4.0,4,1,64.12415066323635,112.2482499614542,112.2482499614542,112.5633731891077,224.8116231505619,-96.8116231505619
leakage,8.0,4,1,64.12415066323635,112.2482499614542,112.2482499614542,144.50046324752395,256.7487132089782,-128.7487132089782
uniform,0.0,4,1,64.12415066323635,112.2482499614542,112.2482499614542,103.75304942979251,216.00129939124673,-88.00129939124672
leakage,0.0,4,2,64.12415066323635,96.24825729924999,96.24825729924999,103.7543414832434,200.00259878249338,-72.00259878249338
leakage,0.25,4,2,64.12415066323635,96.24825729924999,96.24825729924999,103.28567498298219,199.53393228223217,-71.53393228223217
leakage,0.5,4,2,64.12415066323635,96.24825729924999,96.24825729924999,102.978689593714,199.22694689296398,-71.22694689296398
leakage,1.0,4,2,64.12415066323635,96.24825729924999,96.24825729924999,102.84874146354962,199.09699876279961,-71.09699876279961
leakage,2.0,4,2,64.12415066323635,96.24825729924999,96.24825729924999,104.32298341530367,200.57124071455365,-72.57124071455365
leakage,4.0,4,2,64.12415066323635,96.24825729924999,96.24825729924999,112.56469003637352,208.8129473356235,-80.8129473356235
leakage,8.0,4,2,64.12415066323635,96.24825729924999,96.24825729924999,144.5017980030771,240.7500553023271,-112.7500553023271
uniform,0.0,4,2,64.12415066323635,96.24825729924999,96.24825729924999,103.7543414832434,200.00259878249338,-72.00259878249338
leakage,0.0,4,3,64.12418001435458,80.24826463675684,80.24826463675684,103.75563354132575,184.00389817808258,-56.00389817808258
leakage,0.25,4,3,64.12418001435458,80.24826463675684,80.24826463675684,103.28696864254744,183.5352332793043,-55.53523327930429
leakage,0.5,4,3,64.12418001435458,80.24826463675684,80.24826463675684,102.97998528967946,183.22824992643632,-55.22824992643632
leakage,1.0,4,3,64.12418001435458,80.24826463675684,80.24826463675684,102.85004200353555,183.09830664029238,-55.09830664029238
leakage,2.0,4,3,64.12418001435458,80.24826463675684,80.24826463675684,104.32429391844136,184.5725585551982,-56.57255855519821
leakage,4.0,4,3,64.12418001435458,80.24826463675684,80.24826463675684,112.56601941899913,192.814284055756,-64.81428405575599
leakage,8.0,4,3,64.12418001435458,80.24826463675684,80.24826463675684,144.50316410822705,224.7514287449839,-96.75142874498391
uniform,0.0,4,3,64.12418001435458,80.24826463675684,80.24826463675684,103.75563354132575,184.00389817808258,-56.00389817808259
leakage,0.0,4,4,64.12418001435458,64.24827197426372,64.24827197426372,103.75692559940812,168.00519757367184,-40.005197573671836
leakage,0.25,4,4,64.12418001435458,64.24827197426372,64.24827197426372,103.2882620593864,167.53653403365013,-39.53653403365013
leakage,0.5,4,4,64.12418001435458,64.24827197426372,64.24827197426372,102.98128090762822,167.22955288189195,-39.22955288189195
leakage,1.0,4,4,64.12418001435458,64.24827197426372,64.24827197426372,102.85134478018293,167.09961675444663,-39.09961675444663
leakage,2.0,4,4,64.12418001435458,64.24827197426372,64.24827197426372,104.32561762745732,168.57388960172102,-40.57388960172102
leakage,4.0,4,4,64.12418001435458,64.24827197426372,64.24827197426372,112.56738030693637,176.81565228120007,-48.81565228120007
leakage,8.0,4,4,64.12418001435458,64.24827197426372,64.24827197426372,144.50456004822942,208.75283202249312,-80.75283202249312
uniform,0.0,4,4,64.12418001435458,64.24827197426372,64.24827197426372,103.75692559940812,168.00519757367184,-40.005197573671836
leakage,0.0,4,5,64.12420936518389,48.24827931148168,64.12420936518389,103.75821766212161,167.88242702730548,-39.88242702730548
leakage,0.25,4,5,64.12420936518389,48.24827931148168,64.12420936518389,103.28955178153738,167.41376114672127,-39.41376114672127
leakage,0.5,4,5,64.12420936518389,48.24827931148168,64.12420936518389,102.98256860348936,167.10677796867324,-39.10677796867324
leakage,1.0,4,5,64.12420936518389,48.24827931148168,64.12420936518389,102.85262989312399,166.97683925830788,-38.976839258307876
leakage,2.0,4,5,64.12420936518389,48.24827931148168,64.12420936518389,104.32690162765606,168.45111099283994,-40.45111099283994
leakage,4.0,4,5,64.12420936518389,48.24827931148168,64.12420936518389,112.56866401261591,176.6928733777998,-48.6928733777998
leakage,8.0,4,5,64.12420936518389,48.24827931148168,64.12420936518389,144.5058568019347,208.63006616711857,-80.63006616711857
uniform,0.0,4,5,64.12420936518389,48.24827931148168,64.12420936518389,103.75821766212161,167.88242702730548,-39.882427027305496
leakage,0.0,4,6,64.12420936518389,32.248286648699604,64.12420936518389,103.7595097248351,167.88371909001899,-39.883719090018985
leakage,0.25,4,6,64.12420936518389,32.248286648699604,64.12420936518389,103.2908453817331,167.415054746917,-39.41505474691701
leakage,0.5,4,6,64.12420936518389,32.248286648699604,64.12420936518389,102.98386456273803,167.1080739279219,-39.10807392792191
leakage,1.0,4,6,64.12420936518389,32.248286648699604,64.12420936518389,102.85393202192974,166.97814138711362,-38.978141387113624
leakage,2.0,4,6,64.12420936518389,32.248286648699604,64.12420936518389,104.32821603638602,168.4524254015699,-40.45242540156991
leakage,4.0,4,6,64.12420936518389,32.248286648699604,64.12420936518389,112.56999806035367,176.69420742553757,-48.69420742553757
leakage,8.0,4,6,64.12420936518389,32.248286648699604,64.12420936518389,144.50722563761758,208.63143500280148,-80.63143500280148
uniform,0.0,4,6,64.12420936518389,32.248286648699604,64.12420936518389,103.7595097248351,167.88371909001899,-39.883719090018985
leakage,0.0,4,7,64.12423871572426,16.248293985628607,64.12423871572426,103.76080179217936,167.88504050790362,-39.885040507903625
leakage,0.25,4,7,64.12423871572426,16.248293985628607,64.12423871572426,103.29213600223504,167.4163747179593,-39.416374717959286
leakage,0.5,4,7,64.12423871572426,16.248293985628607,64.12423871572426,102.98515380841877,167.10939252414303,-39.10939252414303
leakage,1.0,4,7,64.12423871572426,16.248293985628607,64.12423871572426,102.85521879575276,166.97945751147702,-38.97945751147702
leakage,2.0,4,7,64.12423871572426,16.248293985628607,64.12423871572426,104.32949980404607,168.45373851977033,-40.453738519770326
leakage,4.0,4,7,64.12423871572426,16.248293985628607,64.12423871572426,112.57128426784442,176.69552298356868,-48.69552298356868
leakage,8.0,4,7,64.12423871572426,16.248293985628607,64.12423871572426,144.5085369223768,208.63277563810107,-80.63277563810107
uniform,0.0,4,7,64.12423871572426,16.248293985628607,64.12423871572426,103.76080179217936,167.88504050790362,-39.885040507903625
leakage,0.0,4,8,64.12423871572426,0.24830132255763715,64.12423871572426,103.76209385952362,167.88633257524788,-39.88633257524788
leakage,0.25,4,8,64.12423871572426,0.24830132255763715,64.12423871572426,103.2934249813309,167.41766369705516,-39.41766369705516
leakage,0.5,4,8,64.12423871572426,0.24830132255763715,64.12423871572426,102.98643923886105,167.1106779545853,-39.1106779545853
leakage,1.0,4,8,64.12423871572426,0.24830132255763715,64.12423871572426,102.85649565563295,166.98073437135722,-38.980734371357215
leakage,2.0,4,8,64.12423871572426,0.24830132255763715,64.12423871572426,104.33075748346188,168.45499619918616,-40.454996199186155
leakage,4.0,4,8,64.12423871572426,0.24830132255763715,64.12423871572426,112.57251201445861,176.69675073018288,-48.696750730182885
leakage,8.0,4,8,64.12423871572426,0.24830132255763715,64.12423871572426,144.50972378021788,208.63396249594214,-80.63396249594214
uniform,0.0,4,8,64.12423871572426,0.24830132255763715,64.12423871572426,103.76209385952362,167.88633257524788,-39.88633257524788
leakage,0.0,4,9,64.12426806597571,-15.751691340802267,64.12426806597571,103.7633859314983,167.88765399747402,-39.88765399747402
leakage,0.25,4,9,64.12426806597571,-15.751691340802267,64.12426806597571,103.29471656216973,167.41898462814544,-39.41898462814544
leakage,0.5,4,9,64.12426806597571,-15.751691340802267,64.12426806597571,102.9877309140552,167.11199898003093,-39.11199898003093
leakage,1.0,4,9,64.12426806597571,-15.751691340802267,64.12426806597571,102.85778907514596,166.9820571411217,-38.982057141121686
leakage,2.0,4,9,64.12426806597571,-15.751691340802267,64.12426806597571,104.33205710085446,168.45632516683017,-40.45632516683017
leakage,4.0,4,9,64.12426806597571,-15.751691340802267,64.12426806597571,112.57382440594876,176.69809247192447,-48.69809247192447
leakage,8.0,4,9,64.12426806597571,-15.751691340802267,64.12426806597571,144.51106291593152,208.63533098190723,-80.63533098190723
uniform,0.0,4,9,64.12426806597571,-15.751691340802267,64.12426806597571,103.7633859314983,167.88765399747402,-39.88765399747402
leakage,0.0,4,10,64.12426806597571,-31.751684004162172,64.12426806597571,103.764678003473,167.8889460694487,-39.88894606944871
leakage,0.25,4,10,64.12426806597571,-31.751684004162172,64.12426806597571,103.29600976520629,167.420277831182,-39.420277831182005
leakage,0.5,4,10,64.12426806597571,-31.751684004162172,64.12426806597571,102.98902549058214,167.11329355655784,-39.113293556557835
leakage,1.0,4,10,64.12426806597571,-31.751684004162172,64.12426806597571,102.85908747385126,166.98335553982696,-38.98335553982696
leakage,2.0,4,10,64.12426806597571,-31.751684004162172,64.12426806597571,104.33336838745451,168.4576364534302,-40.45763645343021
leakage,4.0,4,10,64.12426806597571,-31.751684004162172,64.12426806597571,112.57516980678551,176.69943787276122,-48.69943787276122
leakage,8.0,4,10,64.12426806597571,-31.751684004162172,64.12426806597571,144.51245234094296,208.63672040691867,-80.63672040691867
uniform,0.0,4,10,64.12426806597571,-31.751684004162172,64.12426806597571,103.764678003473,167.8889460694487,-39.88894606944871
leakage,0.0,4,11,64.12429741593824,-47.75167666781101,64.12429741593824,103.76597008007774,167.89026749601598,-39.89026749601598
leakage,0.25,4,11,64.12429741593824,-47.75167666781101,64.12429741593824,103.29730433596856,167.4216017519068,-39.42160175190679
leakage,0.5,4,11,64.12429741593824,-47.75167666781101,64.12429741593824,102.9903232870465,167.11462070298472,-39.11462070298472
leakage,1.0,4,11,64.12429741593824,-47.75167666781101,64.12429741593824,102.8603936805148,166.98469109645305,-38.98469109645305
leakage,2.0,4,11,64.12429741593824,-47.75167666781101,64.12429741593824,104.33469404805065,168.4589914639889,-40.458991463988895
leakage,4.0,4,11,64.12429741593824,-47.75167666781101,64.12429741593824,112.57652662838878,176.70082404432702,-48.70082404432702
leakage,8.0,4,11,64.12429741593824,-47.75167666781101,64.12429741593824,144.5138441278255,208.63814154376377,-80.63814154376377
uniform,0.0,4,11,64.12429741593824,-47.75167666781101,64.12429741593824,103.76597008007774,167.89026749601598,-39.89026749601598
leakage,0.0,4,12,64.12429741593824,-63.75166933145985,64.12429741593824,103.76726215668249,167.89155957262074,-39.891559572620736
leakage,0.25,4,12,64.12429741593824,-63.75166933145985,64.12429741593824,103.2985967000919,167.42289411603014,-39.422894116030136
leakage,0.5,4,12,64.12429741593824,-63.75166933145985,64.12429741593824,102.99161498796641,167.11591240390464,-39.115912403904645
leakage,1.0,4,12,64.12429741593824,-63.75166933145985,64.12429741593824,102.86168115381375,166.98597856975198,-38.98597856975198
leakage,2.0,4,12,64.12429741593824,-63.75166933145985,64.12429741593824,104.33596629239373,168.46026370833198,-40.46026370833198
leakage,4.0,4,12,64.12429741593824,-63.75166933145985,64.12429741593824,112.57776733960746,176.7020647555457,-48.702064755545706
leakage,8.0,4,12,64.12429741593824,-63.75166933145985,64.12429741593824,144.51503929006665,208.63933670600488,-80.63933670600488
uniform,0.0,4,12,64.12429741593824,-63.75166933145985,64.12429741593824,103.76726215668249,167.89155957262074,-39.891559572620736
leakage,0.0,4,13,64.12432676561187,-79.7516619953976,64.12432676561187,103.76855423791697,167.89288100352883,-39.89288100352883
leakage,0.25,4,13,64.12432676561187,-79.7516619953976,64.12432676561187,103.29988991012168,167.42421667573353,-39.42421667573353
leakage,0.5,4,13,64.12432676561187,-79.7516619953976,64.12432676561187,102.9929089521145,167.11723571772637,-39.11723571772637
leakage,1.0,4,13,64.12432676561187,-79.7516619953976,64.12432676561187,102.86297567338838,166.98730243900025,-38.987302439000246
leakage,2.0,4,13,64.12432676561187,-79.7516619953976,64.12432676561187,104.33726246553192,168.4615892311438,-40.46158923114379
leakage,4.0,4,13,64.12432676561187,-79.7516619953976,64.12432676561187,112.57907906669,176.70340583230188,-48.70340583230188
leakage,8.0,4,13,64.12432676561187,-79.7516619953976,64.12432676561187,144.51639147003667,208.64071823564854,-80.64071823564854
uniform,0.0,4,13,64.12432676561187,-79.7516619953976,64.12432676561187,103.76855423791697,167.89288100352883,-39.89288100352884
leakage,0.0,4,14,64.12432676561187,-95.75165465933532,64.12432676561187,103.76984631915144,167.8941730847633,-39.89417308476331
leakage,0.25,4,14,64.12432676561187,-95.75165465933532,64.12432676561187,103.30117934712025,167.42550611273214,-39.42550611273214
leakage,0.5,4,14,64.12432676561187,-95.75165465933532,64.12432676561187,102.99419505087326,167.11852181648513,-39.11852181648513
leakage,1.0,4,14,64.12432676561187,-95.75165465933532,64.12432676561187,102.86425297434563,166.98857973995752,-38.988579739957515
leakage,2.0,4,14,64.12432676561187,-95.75165465933532,64.12432676561187,104.33851911599338,168.46284588160523,-40.46284588160523
leakage,4.0,4,14,64.12432676561187,-95.75165465933532,64.12432676561187,112.58030469491023,176.70463146052208,-48.70463146052208
leakage,8.0,4,14,64.12432676561187,-95.75165465933532,64.12432676561187,144.51758016378892,208.6419069294008,-80.64190692940079
uniform,0.0,4,14,64.12432676561187,-95.75165465933532,64.12432676561187,103.76984631915144,167.8941730847633,-39.89417308476331
leakage,0.0,4,15,64.12435611499659,-111.75164732356197,64.12435611499659,103.77113840501528,167.89549452001188,-39.89549452001188
leakage,0.25,4,15,64.12435611499659,-111.75164732356197,64.12435611499659,103.30246996719904,167.42682608219565,-39.426826082195646
leakage,0.5,4,15,64.12435611499659,-111.75164732356197,64.12435611499659,102.9954843170039,167.1198404320005,-39.1198404320005
leakage,1.0,4,15,64.12435611499659,-111.75164732356197,64.12435611499659,102.86553943222621,166.9898955472228,-38.9898955472228
leakage,2.0,4,15,64.12435611499659,-111.75164732356197,64.12435611499659,104.3397981064034,168.4641542214,-40.46415422140001
leakage,4.0,4,15,64.12435611499659,-111.75164732356197,64.12435611499659,112.58156513269117,176.70592124768774,-48.70592124768774
leakage,8.0,4,15,64.12435611499659,-111.75164732356197,64.12435611499659,144.51880474223398,208.64316085723055,-80.64316085723055
uniform,0.0,4,15,64.12435611499659,-111.75164732356197,64.12435611499659,103.77113840501528,167.89549452001188,-39.895494520011866
leakage,0.0,4,16,64.12435611499659,-127.7516399877886,64.12435611499659,103.77243049087912,167.89678660587572,-39.89678660587572
leakage,0.25,4,16,64.12435611499659,-127.7516399877886,64.12435611499659,103.30376067338874,167.42811678838532,-39.428116788385324
leakage,0.5,4,16,64.12435611499659,-127.7516399877886,64.12435611499659,102.99677399521075,167.12113011020733,-39.12113011020733
leakage,1.0,4,16,64.12435611499659,-127.7516399877886,64.12435611499659,102.86682802000797,166.99118413500457,-38.99118413500457
leakage,2.0,4,16,64.12435611499659,-127.7516399877886,64.12435611499659,104.34108752659958,168.46544364159615,-40.46544364159615
leakage,4.0,4,16,64.12435611499659,-127.7516399877886,64.12435611499659,112.58286424335996,176.70722035835655,-48.70722035835655
leakage,8.0,4,16,64.12435611499659,-127.7516399877886,64.12435611499659,144.52013618647115,208.64449230146772,-80.64449230146772
uniform,0.0,4,16,64.12435611499659,-127.7516399877886,64.12435611499659,103.77243049087912,167.89678660587572,-39.896786605875704
leakage,0.0,6,0,95.03101190743769,190.06202381487537,190.06202381487537,93.93797618512458,283.99999999999994,-155.99999999999994
leakage,0.25,6,0,95.03101190743769,190.06202381487537,190.06202381487537,93.4874758815104,283.5494996963858,-155.5494996963858
leakage,0.5,6,0,95.03101190743769,190.06202381487537,190.06202381487537,93.18491429373624,283.24693810861163,-155.24693810861163
leakage,1.0,6,0,95.03101190743769,190.06202381487537,190.06202381487537,93.02446975051564,283.08649356539104,-155.08649356539104
leakage,2.0,6,0,95.03101190743769,190.06202381487537,190.06202381487537,94.31831223872639,284.38033605360175,-156.38033605360175
leakage,4.0,6,0,95.03101190743769,190.06202381487537,190.06202381487537,101.88624558484216,291.94826939971756,-163.94826939971756
leakage,8.0,6,0,95.03101190743769,190.06202381487537,190.06202381487537,131.53844919271862,321.600473007594,-193.60047300759402
uniform,0.0,6,0,95.03101190743769,190.06202381487537,190.06202381487537,93.93797618512458,283.99999999999994,-155.99999999999994
leakage,0.0,6,1,95.03105593432453,174.06204582815084,174.06204582815084,93.93920948376307,268.0012553119139,-140.0012553119139
leakage,0.25,6,1,95.03105593432453,174.06204582815084,174.06204582815084,93.48870700319394,267.55075283134477,-139.55075283134477
leakage,0.5,6,1,95.03105593432453,174.06204582815084,174.06204582815084,93.18614387754833,267.2481897056992,-139.2481897056992
leakage,1.0,6,1,95.03105593432453,174.06204582815084,174.06204582815084,93.02569932759626,267.0877451557471,-139.0877451557471
leakage,2.0,6,1,95.03105593432453,174.06204582815084,174.06204582815084,94.31955321043719,268.38159903858804,-140.38159903858804
leakage,4.0,6,1,95.03105593432453,174.06204582815084,174.06204582815084,101.88752184222658,275.9495676703774,-147.9495676703774
leakage,8.0,6,1,95.03105593432453,174.06204582815084,174.06204582815084,131.5397884090952,305.60183423724607,-177.60183423724607
uniform,0.0,6,1,95.03105593432453,174.06204582815084,174.06204582815084,93.93920948376307,268.0012553119139,-140.0012553119139
leakage,0.0,6,2,95.03105593432453,158.06206784142634,158.06206784142634,93.94044278240156,252.0025106238279,-124.0025106238279
leakage,0.25,6,2,95.03105593432453,158.06206784142634,158.06206784142634,93.48994294378083,251.5520107852072,-123.55201078520719
leakage,0.5,6,2,95.03105593432453,158.06206784142634,158.06206784142634,93.187382702277,251.24945054370335,-123.24945054370335
leakage,1.0,6,2,95.03105593432453,158.06206784142634,158.06206784142634,93.02694401954899,251.08901186097535,-123.08901186097535
leakage,2.0,6,2,95.03105593432453,158.06206784142634,158.06206784142634,94.32080770628068,252.38287554770702,-124.38287554770702
leakage,4.0,6,2,95.03105593432453,158.06206784142634,158.06206784142634,101.8887901054566,259.95085794688293,-131.95085794688293
leakage,8.0,6,2,95.03105593432453,158.06206784142634,158.06206784142634,131.5410811557795,289.60314899720584,-161.60314899720584
uniform,0.0,6,2,95.03105593432453,158.06206784142634,158.06206784142634,93.94044278240156,252.0025106238279,-124.0025106238279
leakage,0.0,6,3,95.03109996079242,142.06208985428287,142.06208985428287,93.94167608775514,236.003765942038,-108.003765942038
leakage,0.25,6,3,95.03109996079242,142.06208985428287,142.06208985428287,93.49117851063994,235.55326836492281,-107.55326836492281
leakage,0.5,6,3,95.03109996079242,142.06208985428287,142.06208985428287,93.18862114044018,235.25071099472305,-107.25071099472305
leakage,1.0,6,3,95.03109996079242,142.06208985428287,142.06208985428287,93.02818933125533,235.0902791855382,-107.09027918553821
leakage,2.0,6,3,95.03109996079242,142.06208985428287,142.06208985428287,94.32206735524959,236.38415720953248,-108.38415720953248
leakage,4.0,6,3,95.03109996079242,142.06208985428287,142.06208985428287,101.89007668597283,243.9521665402557,-115.95216654025569
leakage,8.0,6,3,95.03109996079242,142.06208985428287,142.06208985428287,131.54242125763696,273.6045111119198,-145.6045111119198
uniform,0.0,6,3,95.03109996079242,142.06208985428287,142.06208985428287,93.94167608775514,236.003765942038,-108.00376594203802
leakage,0.0,6,4,95.03109996079242,126.0621118671394,126.0621118671394,93.94290939310872,220.0050212602481,-92.0050212602481
leakage,0.25,6,4,95.03109996079242,126.0621118671394,126.0621118671394,93.49241372916777,219.55452559630714,-91.55452559630714
leakage,0.5,6,4,95.03109996079242,126.0621118671394,126.0621118671394,93.18985942813441,219.2519712952738,-91.25197129527379
leakage,1.0,6,4,95.03109996079242,126.0621118671394,126.0621118671394,93.02943760007261,219.09154946721202,-91.09154946721202
leakage,2.0,6,4,95.03109996079242,126.0621118671394,126.0621118671394,94.32334561961254,220.38545748675193,-92.38545748675193
leakage,4.0,6,4,95.03109996079242,126.0621118671394,126.0621118671394,101.89141060206659,227.95352246920598,-99.95352246920598
leakage,8.0,6,4,95.03109996079242,126.0621118671394,126.0621118671394,131.54380922498535,257.60592109212473,-129.60592109212473
uniform,0.0,6,4,95.03109996079242,126.0621118671394,126.0621118671394,93.94290939310872,220.0050212602481,-92.00502126024811
leakage,0.0,6,5,95.03114398684134,110.06213387957696,110.06213387957696,93.94414270517692,204.0062765847539,-76.00627658475389
leakage,0.25,6,5,95.03114398684134,110.06213387957696,110.06213387957696,93.49364366546507,203.55577754504202,-75.55577754504202
leakage,0.5,6,5,95.03114398684134,110.06213387957696,110.06213387957696,93.19108641600269,203.25322029557964,-75.25322029557964
leakage,1.0,6,5,95.03114398684134,110.06213387957696,110.06213387957696,93.03066069651712,203.0927945760941,-75.0927945760941
leakage,2.0,6,5,95.03114398684134,110.06213387957696,110.06213387957696,94.32456679348014,204.3867006730571,-76.3867006730571
leakage,4.0,6,5,95.03114398684134,110.06213387957696,110.06213387957696,101.89263047076949,211.95476435034647,-83.95476435034647
leakage,8.0,6,5,95.03114398684134,110.06213387957696,110.06213387957696,131.54504338734515,241.60717726692212,-113.60717726692212
uniform,0.0,6,5,95.03114398684134,110.06213387957696,110.06213387957696,93.94414270517692,204.0062765847539,-76.00627658475388
leakage,0.0,6,6,95.03114398684134,94.06215589201452,95.03114398684134,93.94537601724512,188.97652000408647,-60.97652000408647
leakage,0.25,6,6,95.03114398684134,94.06215589201452,95.03114398684134,93.4948791444328,188.52602313127414,-60.526023131274144
leakage,0.5,6,6,95.03114398684134,94.06215589201452,95.03114398684134,93.19232520760096,188.22346919444232,-60.223469194442316
leakage,1.0,6,6,95.03114398684134,94.06215589201452,95.03114398684134,93.03190822598435,188.0630522128257,-60.06305221282571
leakage,2.0,6,6,95.03114398684134,94.06215589201452,95.03114398684134,94.3258321269836,189.35697611382494,-61.35697611382494
leakage,4.0,6,6,95.03114398684134,94.06215589201452,95.03114398684134,101.8939241537365,196.92506814057785,-68.92506814057785
leakage,8.0,6,6,95.03114398684134,94.06215589201452,95.03114398684134,131.54638850888082,226.57753249572215,-98.57753249572215
uniform,0.0,6,6,95.03114398684134,94.06215589201452,95.03114398684134,93.94537601724512,188.97652000408647,-60.97652000408647
leakage,0.0,6,7,95.03118801247133,78.06217790403315,95.03118801247133,93.94660933602746,188.9777973484988,-60.9777973484988
leakage,0.25,6,7,95.03118801247133,78.06217790403315,95.03118801247133,93.49611037009075,188.5272983825621,-60.527298382562094
leakage,0.5,6,7,95.03118801247133,78.06217790403315,95.03118801247133,93.19355444403303,188.22474245650437,-60.22474245650437
leakage,1.0,6,7,95.03118801247133,78.06217790403315,95.03118801247133,93.03313386347575,188.0643218759471,-60.06432187594709
leakage,2.0,6,7,95.03118801247133,78.06217790403315,95.03118801247133,94.3270531610019,189.35824117347323,-61.35824117347323
leakage,4.0,6,7,95.03118801247133,78.06217790403315,95.03118801247133,101.8951474939053,196.92633550637663,-68.92633550637663
leakage,8.0,6,7,95.03118801247133,78.06217790403315,95.03118801247133,131.54764455745823,226.57883256992955,-98.57883256992955
uniform,0.0,6,7,95.03118801247133,78.06217790403315,95.03118801247133,93.94660933602746,188.9777973484988,-60.9777973484988
leakage,0.0,6,8,95.03118801247133,62.06219991605178,95.03118801247133,93.94784265480982,188.97903066728117,-60.979030667281165
leakage,0.25,6,8,95.03118801247133,62.06219991605178,95.03118801247133,93.49733927161884,188.52852728409016,-60.52852728409016
leakage,0.5,6,8,95.03118801247133,62.06219991605178,95.03118801247133,93.19477831846302,188.22596633093434,-60.22596633093434
leakage,1.0,6,8,95.03118801247133,62.06219991605178,95.03118801247133,93.03434568917736,188.0655337016487,-60.06553370164869
leakage,2.0,6,8,95.03118801247133,62.06219991605178,95.03118801247133,94.32823776525022,189.35942577772155,-61.359425777721555
leakage,4.0,6,8,95.03118801247133,62.06219991605178,95.03118801247133,101.89628908372521,196.92747709619653,-68.92747709619653
leakage,8.0,6,8,95.03118801247133,62.06219991605178,95.03118801247133,131.54872705603316,226.57991506850448,-98.57991506850448
uniform,0.0,6,8,95.03118801247133,62.06219991605178,95.03118801247133,93.94784265480982,188.97903066728117,-60.97903066728115
leakage,0.0,6,9,95.03123203768241,46.06222192765151,95.03123203768241,93.94907598030585,188.98030801798825,-60.98030801798825
leakage,0.25,6,9,95.03123203768241,46.06222192765151,95.03123203768241,93.49857185633871,188.52980389402114,-60.52980389402114
leakage,0.5,6,9,95.03123203768241,46.06222192765151,95.03123203768241,93.19601096999884,188.22724300768124,-60.22724300768124
leakage,1.0,6,9,95.03123203768241,46.06222192765151,95.03123203768241,93.0355806633159,188.0668127009983,-60.0668127009983
leakage,2.0,6,9,95.03123203768241,46.06222192765151,95.03123203768241,94.32948143795296,189.36071347563538,-61.36071347563538
leakage,4.0,6,9,95.03123203768241,46.06222192765151,95.03123203768241,101.89755049922418,196.9287825369066,-68.9287825369066
leakage,8.0,6,9,95.03123203768241,46.06222192765151,95.03123203768241,131.55002529821033,226.58125733589276,-98.58125733589276
uniform,0.0,6,9,95.03123203768241,46.06222192765151,95.03123203768241,93.94907598030585,188.98030801798825,-60.980308017988264
leakage,0.0,6,10,95.03123203768241,30.062243939251232,95.03123203768241,93.95030930580187,188.98154134348428,-60.98154134348428
leakage,0.25,6,10,95.03123203768241,30.062243939251232,95.03123203768241,93.49980678902133,188.53103882670376,-60.531038826703764
leakage,0.5,6,10,95.03123203768241,30.062243939251232,95.03123203768241,93.1972478554661,188.22847989314852,-60.22847989314852
leakage,1.0,6,10,95.03123203768241,30.062243939251232,95.03123203768241,93.03682297696768,188.0680550146501,-60.0680550146501
leakage,2.0,6,10,95.03123203768241,30.062243939251232,95.03123203768241,94.33074222867742,189.36197426635982,-61.36197426635982
leakage,4.0,6,10,95.03123203768241,30.062243939251232,95.03123203768241,101.89886198052817,196.93009401821058,-68.93009401821058
leakage,8.0,6,10,95.03123203768241,30.062243939251232,95.03123203768241,131.55140438869955,226.58263642638195,-98.58263642638195
uniform,0.0,6,10,95.03123203768241,30.062243939251232,95.03123203768241,93.95030930580187,188.98154134348428,-60.98154134348428
leakage,0.0,6,11,95.03127606247455,14.062265950431993,95.03127606247455,93.95154263801109,188.98281870048564,-60.98281870048564
leakage,0.25,6,11,95.03127606247455,14.062265950431993,95.03127606247455,93.50104365490144,188.53231971737597,-60.53231971737597
leakage,0.5,6,11,95.03127606247455,14.062265950431993,95.03127606247455,93.1984892666991,188.22976532917363,-60.22976532917363
leakage,1.0,6,11,95.03127606247455,14.062265950431993,95.03127606247455,93.03807626515749,188.06935232763203,-60.06935232763203
leakage,2.0,6,11,95.03127606247455,14.062265950431993,95.03127606247455,94.33202365006547,189.36329971254003,-61.36329971254003
leakage,4.0,6,11,95.03127606247455,14.062265950431993,95.03127606247455,101.90018969247923,196.93146575495376,-68.93146575495376
leakage,8.0,6,11,95.03127606247455,14.062265950431993,95.03127606247455,131.55278529156098,226.58406135403553,-98.58406135403553
uniform,0.0,6,11,95.03127606247455,14.062265950431993,95.03127606247455,93.95154263801109,188.98281870048564,-60.98281870048564
leakage,0.0,6,12,95.03127606247455,-1.9377120383872466,95.03127606247455,93.95277597022032,188.98405203269488,-60.984052032694876
leakage,0.25,6,12,95.03127606247455,-1.9377120383872466,95.03127606247455,93.50227741914702,188.53355348162157,-60.53355348162157
leakage,0.5,6,12,95.03127606247455,-1.9377120383872466,95.03127606247455,93.19972217473352,188.23099823720807,-60.23099823720807
leakage,1.0,6,12,95.03127606247455,-1.9377120383872466,95.03127606247455,93.0393034634375,188.07057952591205,-60.07057952591205
leakage,2.0,6,12,95.03127606247455,-1.9377120383872466,95.03127606247455,94.33322947174726,189.3645055342218,-61.36450553422179
leakage,4.0,6,12,95.03127606247455,-1.9377120383872466,95.03127606247455,101.90134988064356,196.93262594311813,-68.93262594311813
leakage,8.0,6,12,95.03127606247455,-1.9377120383872466,95.03127606247455,131.55387852703922,226.58515458951376,-98.58515458951376
uniform,0.0,6,12,95.03127606247455,-1.9377120383872466,95.03127606247455,93.95277597022032,188.98405203269488,-60.98405203269486
leakage,0.0,6,13,95.03132008684777,-17.937690027625393,95.03132008684777,93.95400930914228,188.98532939599005,-60.98532939599005
leakage,0.25,6,13,95.03132008684777,-17.937690027625393,95.03132008684777,93.50351236947566,188.53483245632344,-60.53483245632344
leakage,0.5,6,13,95.03132008684777,-17.937690027625393,95.03132008684777,93.20095823441355,188.23227832126133,-60.23227832126133
leakage,1.0,6,13,95.03132008684777,-17.937690027625393,95.03132008684777,93.04054041129055,188.07186049813834,-60.071860498138335
leakage,2.0,6,13,95.03132008684777,-17.937690027625393,95.03132008684777,94.33446853736102,189.3657886242088,-61.36578862420879
leakage,4.0,6,13,95.03132008684777,-17.937690027625393,95.03132008684777,101.90261048095256,196.93393056780033,-68.93393056780033
leakage,8.0,6,13,95.03132008684777,-17.937690027625393,95.03132008684777,131.55519778088836,226.58651786773612,-98.58651786773612
uniform,0.0,6,13,95.03132008684777,-17.937690027625393,95.03132008684777,93.95400930914228,188.98532939599005,-60.98532939599005
leakage,0.0,6,14,95.03132008684777,-33.93766801686351,95.03132008684777,93.95524264806423,188.986562734912,-60.98656273491201
leakage,0.25,6,14,95.03132008684777,-33.93766801686351,95.03132008684777,93.50474193463732,188.5360620214851,-60.536062021485094
leakage,0.5,6,14,95.03132008684777,-33.93766801686351,95.03132008684777,93.202183097001,188.23350318384877,-60.23350318384877
leakage,1.0,6,14,95.03132008684777,-33.93766801686351,95.03132008684777,93.04175296880167,188.07307305564944,-60.073073055649445
leakage,2.0,6,14,95.03132008684777,-33.93766801686351,95.03132008684777,94.33565180503439,189.36697189188214,-61.366971891882145
leakage,4.0,6,14,95.03132008684777,-33.93766801686351,95.03132008684777,101.9037493060409,196.93506939288866,-68.93506939288866
leakage,8.0,6,14,95.03132008684777,-33.93766801686351,95.03132008684777,131.55628405268666,226.58760413953445,-98.58760413953445
uniform,0.0,6,14,95.03132008684777,-33.93766801686351,95.03132008684777,93.95524264806423,188.986562734912,-60.986562734912
leakage,0.0,6,15,95.03136411080212,-49.93764600652051,95.03136411080212,93.95647599369843,188.98784010450055,-60.98784010450055
leakage,0.25,6,15,95.03136411080212,-49.93764600652051,95.03136411080212,93.50597315607807,188.53733726688017,-60.53733726688017
leakage,0.5,6,15,95.03136411080212,-49.93764600652051,95.03136411080212,93.20341235699574,188.23477646779787,-60.23477646779787
leakage,1.0,6,15,95.03136411080212,-49.93764600652051,95.03136411080212,93.04297820918968,188.07434231999179,-60.074342319991786
leakage,2.0,6,15,95.03136411080212,-49.93764600652051,95.03136411080212,94.33686639647718,189.3682305072793,-61.36823050727929
leakage,4.0,6,15,95.03136411080212,-49.93764600652051,95.03136411080212,101.9049363187914,196.93630042959353,-68.93630042959353
leakage,8.0,6,15,95.03136411080212,-49.93764600652051,95.03136411080212,131.55741439575868,226.5887785065608,-98.5887785065608
uniform,0.0,6,15,95.03136411080212,-49.93764600652051,95.03136411080212,93.95647599369843,188.98784010450055,-60.98784010450055
leakage,0.0,6,16,95.03136411080212,-65.93762399617754,95.03136411080212,93.95770933933264,188.98907345013475,-60.989073450134754
leakage,0.25,6,16,95.03136411080212,-65.93762399617754,95.03136411080212,93.5072045023629,188.538568613165,-60.53856861316501
leakage,0.5,6,16,95.03136411080212,-65.93762399617754,95.03136411080212,93.20464218828396,188.23600629908606,-60.23600629908606
leakage,1.0,6,16,95.03136411080212,-65.93762399617754,95.03136411080212,93.04420634953374,188.07557046033585,-60.075570460335854
leakage,2.0,6,16,95.03136411080212,-65.93762399617754,95.03136411080212,94.33809539629095,189.36945950709307,-61.36945950709307
leakage,4.0,6,16,95.03136411080212,-65.93762399617754,95.03136411080212,101.90617841923459,196.9375425300367,-68.9375425300367
leakage,8.0,6,16,95.03136411080212,-65.93762399617754,95.03136411080212,131.55870236216546,226.59006647296758,-98.59006647296758
uniform,0.0,6,16,95.03136411080212,-65.93762399617754,95.03136411080212,93.95770933933264,188.98907345013475,-60.989073450134754
leakage,0.0,8,0,125.47395540328644,250.94791080657288,250.94791080657288,85.05208919342714,336.0,-208.0
leakage,0.25,8,0,125.47395540328644,250.94791080657288,250.94791080657288,84.62005746501539,335.56796827158826,-207.56796827158826
leakage,0.5,8,0,125.47395540328644,250.94791080657288,250.94791080657288,84.32282438299622,335.2707351895691,-207.2707351895691
leakage,1.0,8,0,125.47395540328644,250.94791080657288,250.94791080657288,84.13504018364763,335.0829509902205,-207.08295099022052
leakage,2.0,8,0,125.47395540328644,250.94791080657288,250.94791080657288,85.25623735300329,336.20414815957616,-208.20414815957616
leakage,4.0,8,0,125.47395540328644,250.94791080657288,250.94791080657288,92.17253452206441,343.1204453286373,-215.1204453286373
leakage,8.0,8,0,125.47395540328644,250.94791080657288,250.94791080657288,119.61102354373456,370.5589343503074,-242.55893435030742
uniform,0.0,8,0,125.47395540328644,250.94791080657288,250.94791080657288,85.05208919342714,336.0,-208.0
leakage,0.0,8,1,125.47401410550363,234.9479474951787,234.9479474951787,85.05326373964596,320.00121123482467,-192.00121123482467
leakage,0.25,8,1,125.47401410550363,234.9479474951787,234.9479474951787,84.6212292068836,319.5691767020623,-191.5691767020623
leakage,0.5,8,1,125.47401410550363,234.9479474951787,234.9479474951787,84.32399408572698,319.2719415809057,-191.27194158090572
leakage,1.0,8,1,125.47401410550363,234.9479474951787,234.9479474951787,84.13620949819011,319.0841569933688,-191.08415699336882
leakage,2.0,8,1,125.47401410550363,234.9479474951787,234.9479474951787,85.25742035403452,320.20536784921325,-192.20536784921325
leakage,4.0,8,1,125.47401410550363,234.9479474951787,234.9479474951787,92.1737625981557,327.1217100933344,-199.1217100933344
leakage,8.0,8,1,125.47401410550363,234.9479474951787,234.9479474951787,119.61233365005626,354.56028114523497,-226.56028114523497
uniform,0.0,8,1,125.47401410550363,234.9479474951787,234.9479474951787,85.05326373964596,320.00121123482467,-192.00121123482467
leakage,0.0,8,2,125.47401410550363,218.94798418378454,218.94798418378454,85.05443828586476,304.00242246964933,-176.00242246964933
leakage,0.25,8,2,125.47401410550363,218.94798418378454,218.94798418378454,84.62240708654487,303.5703912703294,-175.57039127032942
leakage,0.5,8,2,125.47401410550363,218.94798418378454,218.94798418378454,84.32517560608758,303.2731597898721,-175.27315978987212
leakage,1.0,8,2,125.47401410550363,218.94798418378454,218.94798418378454,84.1373984690319,303.0853826528164,-175.0853826528164
leakage,2.0,8,2,125.47401410550363,218.94798418378454,218.94798418378454,85.25862184999185,304.2066060337764,-176.20660603377638
leakage,4.0,8,2,125.47401410550363,218.94798418378454,218.94798418378454,92.17498088851903,311.1229650723036,-183.1229650723036
leakage,8.0,8,2,125.47401410550363,218.94798418378454,218.94798418378454,119.61358130135439,338.56156548513894,-210.56156548513894
uniform,0.0,8,2,125.47401410550363,218.94798418378454,218.94798418378454,85.05443828586476,304.00242246964933,-176.0024224696493
leakage,0.0,8,3,125.4740728071815,202.94802087185104,202.94802087185104,85.0556128407276,288.0036337125787,-160.00363371257868
leakage,0.25,8,3,125.4740728071815,202.94802087185104,202.94802087185104,84.62358447044956,287.5716053423006,-159.5716053423006
leakage,0.5,8,3,125.4740728071815,202.94802087185104,202.94802087185104,84.32635657612397,287.274377447975,-159.27437744797498
leakage,1.0,8,3,125.4740728071815,202.94802087185104,202.94802087185104,84.13858807672977,287.0866089485808,-159.08660894858082
leakage,2.0,8,3,125.4740728071815,202.94802087185104,202.94802087185104,85.2598297545478,288.20785062639885,-160.20785062639885
leakage,4.0,8,3,125.4740728071815,202.94802087185104,202.94802087185104,92.1762228989451,295.12424377079617,-167.12424377079617
leakage,8.0,8,3,125.4740728071815,202.94802087185104,202.94802087185104,119.61489231483908,322.56291318669014,-194.56291318669014
uniform,0.0,8,3,125.4740728071815,202.94802087185104,202.94802087185104,85.0556128407276,288.0036337125787,-160.00363371257865
leakage,0.0,8,4,125.4740728071815,186.94805755991757,186.94805755991757,85.05678739559045,272.004844955508,-144.00484495550802
leakage,0.25,8,4,125.4740728071815,186.94805755991757,186.94805755991757,84.62476141234265,271.5728189722602,-143.57281897226022
leakage,0.5,8,4,125.4740728071815,186.94805755991757,186.94805755991757,84.32753730949958,271.27559486941715,-143.27559486941715
leakage,1.0,8,4,125.4740728071815,186.94805755991757,186.94805755991757,84.13978112759092,271.0878386875085,-143.0878386875085
leakage,2.0,8,4,125.4740728071815,186.94805755991757,186.94805755991757,85.26106082131402,272.2091183812316,-144.20911838123158
leakage,4.0,8,4,125.4740728071815,186.94805755991757,186.94805755991757,92.17752784209159,279.12558540200916,-151.12558540200916
leakage,8.0,8,4,125.4740728071815,186.94805755991757,186.94805755991757,119.61627133909526,306.5643288990128,-178.56432889901282
uniform,0.0,8,4,125.4740728071815,186.94805755991757,186.94805755991757,85.05678739559045,272.004844955508,-144.00484495550802
leakage,0.0,8,5,125.47413150832007,170.94809424744477,170.94809424744477,85.05796195909673,256.00605620654153,-128.00605620654153
leakage,0.25,8,5,125.47413150832007,170.94809424744477,170.94809424744477,84.62593165554979,255.57402590299455,-127.57402590299455
leakage,0.5,8,5,125.47413150832007,170.94809424744477,170.94809424744477,84.32870374806589,255.27679799551066,-127.27679799551066
leakage,1.0,8,5,125.47413150832007,170.94809424744477,170.94809424744477,84.14094237717687,255.08903662462166,-127.08903662462166
leakage,2.0,8,5,125.47413150832007,170.94809424744477,170.94809424744477,85.26221918142564,256.2103134288704,-128.2103134288704
leakage,4.0,8,5,125.47413150832007,170.94809424744477,170.94809424744477,92.17868354525017,263.12677779269495,-135.12677779269495
leakage,8.0,8,5,125.47413150832007,170.94809424744477,170.94809424744477,119.61743947779613,290.5655337252409,-162.56553372524093
uniform,0.0,8,5,125.47413150832007,170.94809424744477,170.94809424744477,85.05796195909673,256.00605620654153,-128.0060562065415
leakage,0.0,8,6,125.47413150832007,154.94813093497197,154.94813093497197,85.05913652260303,240.00726745757498,-112.00726745757498
leakage,0.25,8,6,125.47413150832007,154.94813093497197,154.94813093497197,84.62710892526363,239.5752398602356,-111.5752398602356
leakage,0.5,8,6,125.47413150832007,154.94813093497197,154.94813093497197,84.32988513866086,239.27801607363284,-111.27801607363284
leakage,1.0,8,6,125.47413150832007,154.94813093497197,154.94813093497197,84.14213472506239,239.09026566003436,-111.09026566003436
leakage,2.0,8,6,125.47413150832007,154.94813093497197,154.94813093497197,85.26343440952729,240.21156534449926,-112.21156534449926
leakage,4.0,8,6,125.47413150832007,154.94813093497197,154.94813093497197,92.17993511754051,247.12806605251248,-119.12806605251248
leakage,8.0,8,6,125.47413150832007,154.94813093497197,154.94813093497197,119.61875842091526,274.5668893558872,-146.5668893558872
uniform,0.0,8,6,125.47413150832007,154.94813093497197,154.94813093497197,85.05913652260303,240.00726745757498,-112.007267457575
leakage,0.0,8,7,125.47419020891931,138.94816762195984,138.94816762195984,85.06031109475221,224.00847871671203,-96.00847871671203
leakage,0.25,8,7,125.47419020891931,138.94816762195984,138.94816762195984,84.6282808093846,223.57644843134443,-95.57644843134443
leakage,0.5,8,7,125.47419020891931,138.94816762195984,138.94816762195984,84.33105446809438,223.27922209005422,-95.27922209005422
leakage,1.0,8,7,125.47419020891931,138.94816762195984,138.94816762195984,84.14329940750997,223.0914670294698,-95.09146702946981
leakage,2.0,8,7,125.47419020891931,138.94816762195984,138.94816762195984,85.26459287464074,224.2127604966006,-96.2127604966006
leakage,4.0,8,7,125.47419020891931,138.94816762195984,138.94816762195984,92.18109503764023,231.12926265960007,-103.12926265960007
leakage,8.0,8,7,125.47419020891931,138.94816762195984,138.94816762195984,119.61995550415101,258.56812312611083,-130.56812312611083
uniform,0.0,8,7,125.47419020891931,138.94816762195984,138.94816762195984,85.06031109475221,224.00847871671203,-96.00847871671205
leakage,0.0,8,8,125.47419020891931,122.94820430894774,125.47419020891931,85.06148566690139,210.5356758758207,-82.53567587582069
leakage,0.25,8,8,125.47419020891931,122.94820430894774,125.47419020891931,84.62944977600206,210.10363998492136,-82.10363998492136
leakage,0.5,8,8,125.47419020891931,122.94820430894774,125.47419020891931,84.3322171170402,209.80640732595953,-81.80640732595953
leakage,1.0,8,8,125.47419020891931,122.94820430894774,125.47419020891931,84.14444704322528,209.6186372521446,-81.6186372521446
leakage,2.0,8,8,125.47419020891931,122.94820430894774,125.47419020891931,85.26570630705055,210.73989651596986,-82.73989651596986
leakage,4.0,8,8,125.47419020891931,122.94820430894774,125.47419020891931,92.18215367262587,217.65634388154518,-89.65634388154518
leakage,8.0,8,8,125.47419020891931,122.94820430894774,125.47419020891931,119.62093874338899,245.0951289523083,-117.0951289523083
uniform,0.0,8,8,125.47419020891931,122.94820430894774,125.47419020891931,85.06148566690139,210.5356758758207,-82.5356758758207
leakage,0.0,8,9,125.47424890897925,106.9482409953963,125.47424890897925,85.06266024769289,210.53690915667215,-82.53690915667215
leakage,0.25,8,9,125.47424890897925,106.9482409953963,125.47424890897925,84.63062336570363,210.10487227468286,-82.10487227468286
leakage,0.5,8,9,125.47424890897925,106.9482409953963,125.47424890897925,84.33339070178829,209.80763961076752,-81.80763961076752
leakage,1.0,8,9,125.47424890897925,106.9482409953963,125.47424890897925,84.1456233425373,209.61987225151654,-81.61987225151654
leakage,2.0,8,9,125.47424890897925,106.9482409953963,125.47424890897925,85.26689340628226,210.74114231526153,-82.74114231526153
leakage,4.0,8,9,125.47424890897925,106.9482409953963,125.47424890897925,92.18336263732915,217.6576115463084,-89.6576115463084
leakage,8.0,8,9,125.47424890897925,106.9482409953963,125.47424890897925,119.62219227752992,245.09644118650917,-117.09644118650917
uniform,0.0,8,9,125.47424890897925,106.9482409953963,125.47424890897925,85.06266024769289,210.53690915667215,-82.53690915667214
leakage,0.0,8,10,125.47424890897925,90.9482776818449,125.47424890897925,85.0638348284844,210.53808373746364,-82.53808373746364
leakage,0.25,8,10,125.47424890897925,90.9482776818449,125.47424890897925,84.63179997016826,210.10604887914752,-82.10604887914752
leakage,0.5,8,10,125.47424890897925,90.9482776818449,125.47424890897925,84.33456976665721,209.80881867563647,-81.80881867563647
leakage,1.0,8,10,125.47424890897925,90.9482776818449,125.47424890897925,84.14680923895266,209.6210581479319,-81.6210581479319
leakage,2.0,8,10,125.47424890897925,90.9482776818449,125.47424890897925,85.26810275770875,210.742351666688,-82.742351666688
leakage,4.0,8,10,125.47424890897925,90.9482776818449,125.47424890897925,92.184638681201,217.65888759018026,-89.65888759018026
leakage,8.0,8,10,125.47424890897925,90.9482776818449,125.47424890897925,119.62356028705206,245.0978091960313,-117.0978091960313
uniform,0.0,8,10,125.47424890897925,90.9482776818449,125.47424890897925,85.0638348284844,210.53808373746364,-82.53808373746365
leakage,0.0,8,11,125.47430760849988,74.94831436775416,125.47430760849988,85.06500941791768,210.53931702641756,-82.53931702641756
leakage,0.25,8,11,125.47430760849988,74.94831436775416,125.47430760849988,84.63297899672037,210.10728660522025,-82.10728660522025
leakage,0.5,8,11,125.47430760849988,74.94831436775416,125.47430760849988,84.3357544689367,209.81006207743658,-81.81006207743658
leakage,1.0,8,11,125.47430760849988,74.94831436775416,125.47430760849988,84.14800879398398,209.62231640248388,-81.62231640248388
leakage,2.0,8,11,125.47430760849988,74.94831436775416,125.47430760849988,85.26933833348461,210.74364594198448,-82.74364594198448
leakage,4.0,8,11,125.47430760849988,74.94831436775416,125.47430760849988,92.1859353076316,217.6602429161315,-89.6602429161315
leakage,8.0,8,11,125.47430760849988,74.94831436775416,125.47430760849988,119.62492876203694,245.09923637053683,-117.09923637053683
uniform,0.0,8,11,125.47430760849988,74.94831436775416,125.47430760849988,85.06500941791768,210.53931702641756,-82.53931702641756
leakage,0.0,8,12,125.47430760849988,58.94835105366343,125.47430760849988,85.06618400735096,210.54049161585084,-82.54049161585084
leakage,0.25,8,12,125.47430760849988,58.94835105366343,125.47430760849988,84.63415415888443,210.1084617673843,-82.10846176738431
leakage,0.5,8,12,125.47430760849988,58.94835105366343,125.47430760849988,84.33692866077742,209.8112362692773,-81.81123626927729
leakage,1.0,8,12,125.47430760849988,58.94835105366343,125.47430760849988,84.14917618244488,209.62348379094476,-81.62348379094476
leakage,2.0,8,12,125.47430760849988,58.94835105366343,125.47430760849988,85.27047921642324,210.74478682492312,-82.74478682492312
leakage,4.0,8,12,125.47430760849988,58.94835105366343,125.47430760849988,92.18701772556712,217.661325334067,-89.66132533406699
leakage,8.0,8,12,125.47430760849988,58.94835105366343,125.47430760849988,119.62592445604383,245.10023206454372,-117.10023206454372
uniform,0.0,8,12,125.47430760849988,58.94835105366343,125.47430760849988,85.06618400735096,210.54049161585084,-82.54049161585084
leakage,0.0,8,13,125.47436630748125,42.94838773903345,125.47436630748125,85.06735860542543,210.54172491290666,-82.54172491290666
leakage,0.25,8,13,125.47436630748125,42.94838773903345,125.47436630748125,84.63533079435827,210.10969710183952,-82.10969710183952
leakage,0.5,8,13,125.47436630748125,42.94838773903345,125.47436630748125,84.33810674017029,209.81247304765154,-81.81247304765154
leakage,1.0,8,13,125.47436630748125,42.94838773903345,125.47436630748125,84.15035551526304,209.62472182274428,-81.62472182274428
leakage,2.0,8,13,125.47436630748125,42.94838773903345,125.47436630748125,85.27166096135214,210.7460272688334,-82.74602726883339
leakage,4.0,8,13,125.47436630748125,42.94838773903345,125.47436630748125,92.188225762088,217.66259206956926,-89.66259206956926
leakage,8.0,8,13,125.47436630748125,42.94838773903345,125.47436630748125,119.62720756381738,245.10157387129863,-117.10157387129863
uniform,0.0,8,13,125.47436630748125,42.94838773903345,125.47436630748125,85.06735860542543,210.54172491290666,-82.54172491290667
leakage,0.0,8,14,125.47436630748125,26.94842442440344,125.47436630748125,85.06853320349991,210.54289951098116,-82.54289951098116
leakage,0.25,8,14,125.47436630748125,26.94842442440344,125.47436630748125,84.6365006139011,210.11086692138235,-82.11086692138235
leakage,0.5,8,14,125.47436630748125,26.94842442440344,125.47436630748125,84.33927068387261,209.81363699135386,-81.81363699135386
leakage,1.0,8,14,125.47436630748125,26.94842442440344,125.47436630748125,84.1515042124261,209.62587051990735,-81.62587051990735
leakage,2.0,8,14,125.47436630748125,26.94842442440344,125.47436630748125,85.27277288888575,210.74713919636702,-82.74713919636702
leakage,4.0,8,14,125.47436630748125,26.94842442440344,125.47436630748125,92.1892811633559,217.66364747083713,-89.66364747083713
leakage,8.0,8,14,125.47436630748125,26.94842442440344,125.47436630748125,119.62819634286454,245.1025626503458,-117.10256265034579
uniform,0.0,8,14,125.47436630748125,26.94842442440344,125.47436630748125,85.06853320349991,210.54289951098116,-82.54289951098116
leakage,0.0,8,15,125.47442500592337,10.948461109234216,125.47442500592337,85.06970781021502,210.5441328161384,-82.54413281613839
leakage,0.25,8,15,125.47442500592337,10.948461109234216,125.47442500592337,84.6376724879857,210.11209749390906,-82.11209749390906
leakage,0.5,8,15,125.47442500592337,10.948461109234216,125.47442500592337,84.34044003478141,209.81486504070477,-81.81486504070477
leakage,1.0,8,15,125.47442500592337,10.948461109234216,125.47442500592337,84.15266845409828,209.62709346002163,-81.62709346002163
leakage,2.0,8,15,125.47442500592337,10.948461109234216,125.47442500592337,85.27392369755937,210.74834870348275,-82.74834870348275
leakage,4.0,8,15,125.47442500592337,10.948461109234216,125.47442500592337,92.19039584637933,217.66482085230268,-89.66482085230268
leakage,8.0,8,15,125.47442500592337,10.948461109234216,125.47442500592337,119.62923320889595,245.10365821481932,-117.10365821481932
uniform,0.0,8,15,125.47442500592337,10.948461109234216,125.47442500592337,85.06970781021502,210.5441328161384,-82.54413281613839
leakage,0.0,8,16,125.47442500592337,-5.051502205935037,125.47442500592337,85.07088241693015,210.5453074228535,-82.54530742285351
leakage,0.25,8,16,125.47442500592337,-5.051502205935037,125.47442500592337,84.63884452373581,210.1132695296592,-82.11326952965919
leakage,0.5,8,16,125.47442500592337,-5.051502205935037,125.47442500592337,84.3416100902072,209.81603509613058,-81.81603509613058
leakage,1.0,8,16,125.47442500592337,-5.051502205935037,125.47442500592337,84.15383619265059,209.62826119857397,-81.62826119857397
leakage,2.0,8,16,125.47442500592337,-5.051502205935037,125.47442500592337,85.27509209161806,210.74951709754143,-82.74951709754143
leakage,4.0,8,16,125.47442500592337,-5.051502205935037,125.47442500592337,92.1915798613605,217.66600486728385,-89.66600486728385
leakage,8.0,8,16,125.47442500592337,-5.051502205935037,125.47442500592337,119.63047466384126,245.10489966976462,-117.10489966976462
uniform,0.0,8,16,125.47442500592337,-5.051502205935037,125.47442500592337,85.07088241693015,210.5453074228535,-82.54530742285351
