name,selector_k,selector,field_modulus,rank_modulus,weight,block_length,partition_size,trials,pair_slope,pair_r_squared,base_support,base_rank,support,support_se,support_gain_bits,rank,success,success_se,gain_bits,mixed_expected_work_gain_bits,mixed_alpha,weighted_expected_work_gain_bits,weighted_beta,weighted_half_success_gain_bits,weighted_half_beta,seconds,seed
t2-L4,1,marginal,3,65537,2,4,2,256,-0.500388661,0.985829221,0.062500000,1.000000000,0.104877882,0.001053100,0.746782356,1.000000000,0.104877882,0.001053100,0.746782356,0.062881679,0.10,0.080290318,1.00,0.212651193,2.00,1.726175,20260810
t2-L4,1,pair,3,65537,2,4,2,256,-0.500388661,0.985829221,0.062500000,1.000000000,0.105039291,0.001088579,0.749000991,1.000000000,0.105039291,0.001088579,0.749000991,0.030751163,0.10,0.060471812,1.00,0.195388629,2.00,1.726175,20260810
t2-L4,1,joint,3,65537,2,4,2,256,-0.500388661,0.985829221,0.062500000,1.000000000,0.118591051,0.000821107,0.924067047,1.000000000,0.118591051,0.000821107,0.924067047,0.074698267,0.10,nan,nan,nan,nan,1.726175,20260810
t2-L4,2,marginal,3,65537,2,4,2,256,-0.262727515,0.970131171,0.062500000,1.000000000,0.081641743,0.000512027,0.385450785,1.000000000,0.081641743,0.000512027,0.385450785,0.016661008,0.05,0.026642678,1.00,0.077800151,4.00,1.681315,20260810
t2-L4,2,pair,3,65537,2,4,2,256,-0.262727515,0.970131171,0.062500000,1.000000000,0.082550057,0.000497974,0.401413022,1.000000000,0.082550057,0.000497974,0.401413022,0.020512293,0.05,0.020564572,1.00,0.058869354,2.00,1.681315,20260810
t2-L4,2,joint,3,65537,2,4,2,256,-0.262727515,0.970131171,0.062500000,1.000000000,0.089462756,0.000359077,0.517431009,1.000000000,0.089462756,0.000359077,0.517431009,0.000000000,0.00,nan,nan,nan,nan,1.681315,20260810
t2-L4,4,marginal,3,65537,2,4,2,256,-0.134121804,0.960703216,0.062500000,1.000000000,0.071846163,0.000242066,0.201054919,1.000000000,0.071846163,0.000242066,0.201054919,0.005560971,0.05,0.000000000,0.00,0.000000000,0.00,1.737750,20260810
t2-L4,4,pair,3,65537,2,4,2,256,-0.134121804,0.960703216,0.062500000,1.000000000,0.072580305,0.000247116,0.215721934,1.000000000,0.072580305,0.000247116,0.215721934,0.000000000,0.00,0.000000000,0.00,0.000000000,0.00,1.737750,20260810
t2-L4,4,joint,3,65537,2,4,2,256,-0.134121804,0.960703216,0.062500000,1.000000000,0.075569427,0.000174569,0.273946485,1.000000000,0.075569427,0.000174569,0.273946485,0.000000000,0.00,nan,nan,nan,nan,1.737750,20260810
t2-L4,8,marginal,3,65537,2,4,2,256,-0.067742276,0.954215054,0.062500000,1.000000000,0.067004772,0.000116098,0.100407659,1.000000000,0.067004772,0.000116098,0.100407659,0.000000000,0.00,0.005973749,2.00,0.016944984,4.00,1.725190,20260810
t2-L4,8,pair,3,65537,2,4,2,256,-0.067742276,0.954215054,0.062500000,1.000000000,0.067491829,0.000108300,0.110856667,1.000000000,0.067491829,0.000108300,0.110856667,0.000000000,0.00,0.005978345,2.00,0.017108590,4.00,1.725190,20260810
t2-L4,8,joint,3,65537,2,4,2,256,-0.067742276,0.954215054,0.062500000,1.000000000,0.068886272,0.000084889,0.140360315,1.000000000,0.068886272,0.000084889,0.140360315,0.000000000,0.00,nan,nan,nan,nan,1.725190,20260810
t3-L4,1,marginal,3,65537,3,4,3,128,-0.498719132,0.958715847,0.015625000,1.000000000,0.038900519,0.000814518,1.315933205,1.000000000,0.038900519,0.000814518,1.315933205,0.064955858,0.10,0.109563151,1.00,0.324975037,2.00,5.566597,20260810
t3-L4,1,pair,3,65537,3,4,3,128,-0.498719132,0.958715847,0.015625000,1.000000000,0.036289461,0.000833679,1.215694443,1.000000000,0.036289461,0.000833679,1.215694443,0.045491646,0.10,0.075656015,0.25,0.179512066,1.00,5.566597,20260810
t3-L4,1,joint,3,65537,3,4,3,128,-0.498719132,0.958715847,0.015625000,1.000000000,0.047917522,0.000735608,1.616697119,1.000000000,0.047917522,0.000735608,1.616697119,0.023135532,0.05,nan,nan,nan,nan,5.566597,20260810
t3-L4,2,marginal,3,65537,3,4,3,128,-0.284983948,0.947152268,0.015625000,1.000000000,0.027272059,0.000396729,0.803567412,1.000000000,0.027272059,0.000396729,0.803567412,0.040979761,0.05,0.066153800,1.00,0.157701536,2.00,5.468689,20260810
t3-L4,2,pair,3,65537,3,4,3,128,-0.284983948,0.947152268,0.015625000,1.000000000,0.026952791,0.000420682,0.786578510,1.000000000,0.026952791,0.000420682,0.786578510,0.044909441,0.10,0.056267513,0.50,0.167954907,2.00,5.468689,20260810
t3-L4,2,joint,3,65537,3,4,3,128,-0.284983948,0.947152268,0.015625000,1.000000000,0.032037880,0.000381782,1.035922513,1.000000000,0.032037880,0.000381782,1.035922513,0.028312156,0.05,nan,nan,nan,nan,5.468689,20260810
t3-L4,4,marginal,3,65537,3,4,3,128,-0.152039274,0.934590864,0.015625000,1.000000000,0.021222379,0.000190091,0.441730186,1.000000000,0.021222379,0.000190091,0.441730186,0.019594661,0.05,0.028820789,1.00,0.063834129,2.00,5.674501,20260810
t3-L4,4,pair,3,65537,3,4,3,128,-0.152039274,0.934590864,0.015625000,1.000000000,0.021072420,0.000212170,0.431499838,1.000000000,0.021072420,0.000212170,0.431499838,0.000000000,0.00,0.016104981,0.50,0.037727694,1.00,5.674501,20260810
t3-L4,4,joint,3,65537,3,4,3,128,-0.152039274,0.934590864,0.015625000,1.000000000,0.023758621,0.000168410,0.604594890,1.000000000,0.023758621,0.000168410,0.604594890,0.008859009,0.05,nan,nan,nan,nan,5.674501,20260810
t3-L4,8,marginal,3,65537,3,4,3,128,-0.077804488,0.919858419,0.015625000,1.000000000,0.018701149,0.000128392,0.259270742,1.000000000,0.018701149,0.000128392,0.259270742,0.000000000,0.00,0.000000000,0.00,0.000000000,0.00,5.795019,20260810
t3-L4,8,pair,3,65537,3,4,3,128,-0.077804488,0.919858419,0.015625000,1.000000000,0.018726662,0.000137933,0.261237541,1.000000000,0.018726662,0.000137933,0.261237541,0.000000000,0.00,0.000000000,0.00,0.000000000,0.00,5.795019,20260810
t3-L4,8,joint,3,65537,3,4,3,128,-0.077804488,0.919858419,0.015625000,1.000000000,0.020162888,0.000129859,0.367846100,1.000000000,0.020162888,0.000129859,0.367846100,0.000000000,0.00,nan,nan,nan,nan,5.795019,20260810
t3-L8,1,marginal,3,65537,3,8,3,64,-0.497923070,0.957515921,0.015625000,1.000000000,0.039712269,0.000835895,1.345728588,1.000000000,0.039712269,0.000835895,1.345728588,0.028216351,0.05,0.052079365,0.50,0.167877346,2.00,20.841962,20260810
t3-L8,1,pair,3,65537,3,8,3,64,-0.497923070,0.957515921,0.015625000,1.000000000,0.039689674,0.000832512,1.344907508,1.000000000,0.039689674,0.000832512,1.344907508,0.010960893,0.05,0.037981633,0.25,0.137848758,1.00,20.841962,20260810
t3-L8,1,joint,3,65537,3,8,3,64,-0.497923070,0.957515921,0.015625000,1.000000000,0.048202101,0.000735491,1.625239829,1.000000000,0.048202101,0.000735491,1.625239829,0.042076833,0.05,nan,nan,nan,nan,20.841962,20260810
t3-L8,2,marginal,3,65537,3,8,3,64,-0.282971068,0.946502865,0.015625000,1.000000000,0.026402810,0.000333334,0.756835316,1.000000000,0.026402810,0.000333334,0.756835316,0.007883270,0.05,0.054191748,1.00,0.124595394,2.00,16.693783,20260810
t3-L8,2,pair,3,65537,3,8,3,64,-0.282971068,0.946502865,0.015625000,1.000000000,0.026316444,0.000333682,0.752108386,1.000000000,0.026316444,0.000333682,0.752108386,0.027550741,0.05,0.053630410,1.00,0.129877855,2.00,16.693783,20260810
t3-L8,2,joint,3,65537,3,8,3,64,-0.282971068,0.946502865,0.015625000,1.000000000,0.031195151,0.000285585,0.997465625,1.000000000,0.031195151,0.000285585,0.997465625,0.039562737,0.05,nan,nan,nan,nan,16.693783,20260810
t3-L8,4,marginal,3,65537,3,8,3,64,-0.150280042,0.921908197,0.015625000,1.000000000,0.021405416,0.000210408,0.454119687,1.000000000,0.021405416,0.000210408,0.454119687,0.046035078,0.10,0.021980321,1.00,0.053507939,2.00,16.998163,20260810
t3-L8,4,pair,3,65537,3,8,3,64,-0.150280042,0.921908197,0.015625000,1.000000000,0.021539992,0.000206233,0.463161496,1.000000000,0.021539992,0.000206233,0.463161496,0.017059970,0.05,0.020247393,1.00,0.044505334,2.00,16.998163,20260810
t3-L8,4,joint,3,65537,3,8,3,64,-0.150280042,0.921908197,0.015625000,1.000000000,0.023942155,0.000176740,0.615696800,1.000000000,0.023942155,0.000176740,0.615696800,0.016182531,0.05,nan,nan,nan,nan,16.998163,20260810
t3-L8,8,marginal,3,65537,3,8,3,64,-0.077448274,0.919640459,0.015625000,1.000000000,0.018851627,0.000116426,0.270832878,1.000000000,0.018851627,0.000116426,0.270832878,0.021962810,0.05,0.034007404,2.00,0.092701350,4.00,16.777572,20260810
t3-L8,8,pair,3,65537,3,8,3,64,-0.077448274,0.919640459,0.015625000,1.000000000,0.018938184,0.000126874,0.277441773,1.000000000,0.018938184,0.000126874,0.277441773,0.000000000,0.00,0.018131023,2.00,0.039697998,4.00,16.777572,20260810
t3-L8,8,joint,3,65537,3,8,3,64,-0.077448274,0.919640459,0.015625000,1.000000000,0.020443605,0.000099112,0.387793404,1.000000000,0.020443605,0.000099112,0.387793404,0.012461521,0.05,nan,nan,nan,nan,16.777572,20260810
t4-L4,1,marginal,3,65537,4,4,4,64,-0.510872162,0.886876603,0.003906250,1.000000000,0.013558472,0.000541525,1.795338375,1.000000000,0.013558472,0.000541525,1.795338375,0.054464151,0.05,0.120671452,0.50,0.377132834,2.00,23.157500,20260810
t4-L4,1,pair,3,65537,4,4,4,64,-0.510872162,0.886876603,0.003906250,1.000000000,0.009782188,0.000578734,1.324372833,1.000000000,0.009782188,0.000578734,1.324372833,0.000000000,0.00,0.000000000,0.00,0.079532906,0.25,23.157500,20260810
t4-L4,1,joint,3,65537,4,4,4,64,-0.510872162,0.886876603,0.003906250,1.000000000,0.018355583,0.000580688,2.232362750,1.000000000,0.018355583,0.000580688,2.232362750,0.112016833,0.10,nan,nan,nan,nan,23.157500,20260810
t4-L4,2,marginal,3,65537,4,4,4,64,-0.307334192,0.835502015,0.003906250,1.000000000,0.008779863,0.000237721,1.168414150,1.000000000,0.008779863,0.000237721,1.168414150,0.049729757,0.05,0.075012606,1.00,0.228926000,2.00,23.158094,20260810
t4-L4,2,pair,3,65537,4,4,4,64,-0.307334192,0.835502015,0.003906250,1.000000000,0.007484086,0.000248438,0.938041817,1.000000000,0.007484086,0.000248438,0.938041817,0.002417377,0.05,0.000000000,0.00,0.034101345,0.25,23.158094,20260810
t4-L4,2,joint,3,65537,4,4,4,64,-0.307334192,0.835502015,0.003906250,1.000000000,0.010578910,0.000218324,1.437334786,1.000000000,0.010578910,0.000218324,1.437334786,0.036417370,0.05,nan,nan,nan,nan,23.158094,20260810
t4-L4,4,marginal,3,65537,4,4,4,64,-0.175062165,0.716262495,0.003906250,1.000000000,0.006165131,0.000135288,0.658347328,1.000000000,0.006165131,0.000135288,0.658347328,0.038533194,0.05,0.047054540,1.00,0.164566596,4.00,23.247759,20260810
t4-L4,4,pair,3,65537,4,4,4,64,-0.175062165,0.716262495,0.003906250,1.000000000,0.005853972,0.000122218,0.583631471,1.000000000,0.005853972,0.000122218,0.583631471,0.003224838,0.05,0.012532226,0.25,0.059998226,1.00,23.247759,20260810
t4-L4,4,joint,3,65537,4,4,4,64,-0.175062165,0.716262495,0.003906250,1.000000000,0.007429354,0.000123659,0.927452548,1.000000000,0.007429354,0.000123659,0.927452548,0.045765251,0.05,nan,nan,nan,nan,23.247759,20260810
t4-L4,8,marginal,3,65537,4,4,4,64,-0.094593240,0.474685291,0.003906250,1.000000000,0.005347956,0.000090233,0.453203302,1.000000000,0.005347956,0.000090233,0.453203302,0.000000000,0.00,0.006089710,0.50,0.011775737,1.00,22.107186,20260810
t4-L4,8,pair,3,65537,4,4,4,64,-0.094593240,0.474685291,0.003906250,1.000000000,0.005048095,0.000080337,0.369954649,1.000000000,0.005048095,0.000080337,0.369954649,0.000000000,0.00,0.004123936,0.25,0.009677614,0.50,22.107186,20260810
t4-L4,8,joint,3,65537,4,4,4,64,-0.094593240,0.474685291,0.003906250,1.000000000,0.006176904,0.000104891,0.661099708,1.000000000,0.006176904,0.000104891,0.661099708,0.000000000,0.00,nan,nan,nan,nan,22.107186,20260810
