t,w,d,c,policy,schedule,evictions,trials,failures,failure_rate,failure_log2,failure_ci95_low,failure_ci95_high,exact_waterfall_failure,exact_waterfall_failure_log2,batch_failure_log2,batch_ci95_high_log2,mean_unplaced,p95_unplaced,output_columns,local_expansion_N,bin_solver_calls,index_bits,waterfall_pair_tests,main_one_hot_bits,repair_steps,repair_scan_units,rough_repair_index_bit_ops,optimized_repair_scan_units,rough_optimized_repair_index_bit_ops
16,3,6,0,waterfall,none,0,50000,45076,0.90152,-0.14956859703922182,0.8988773630468027,0.9041009447911278,0.9008951592246401,-0.15056887127621466,0.0,0.0,1.57066,3,18,3,3,3,360,288,0,0,0,0,0
16,3,6,0,biased,global,2,50000,37485,0.7497,-0.41561469274158935,0.7458839437175244,0.7534776907393677,0.9008951592246401,-0.15056887127621466,0.0,0.0,1.16074,3,18,3,3,3,360,288,2,96,576,48,288
16,3,6,0,uniform,global,2,50000,40044,0.80088,-0.32034200253333606,0.7973566517115596,0.804357119114991,0.9008951592246401,-0.15056887127621466,0.0,0.0,1.2992,3,18,3,3,3,360,288,2,96,576,48,288
16,3,6,0,biased,global,4,50000,29648,0.59296,-0.7539933084095458,0.5886468166506137,0.5972589003662573,0.9008951592246401,-0.15056887127621466,0.0,0.0,0.84296,2,18,3,3,3,360,288,4,192,1152,192,1152
16,3,6,0,uniform,global,4,50000,32120,0.6424,-0.6384562020321349,0.6381880921087619,0.6465900286227615,0.9008951592246401,-0.15056887127621466,0.0,0.0,0.9338,2,18,3,3,3,360,288,4,192,1152,192,1152
16,3,6,0,biased,global,8,50000,18639,0.37278,-1.4236036347739875,0.3685515503781902,0.3770279965356832,0.9008951592246401,-0.15056887127621466,0.0,0.0,0.48618,2,18,3,3,3,360,288,8,384,2304,384,2304
16,3,6,0,uniform,global,8,50000,20143,0.40286,-1.3116495275900957,0.39856851436769236,0.4071664108580084,0.9008951592246401,-0.15056887127621466,0.0,0.0,0.52962,2,18,3,3,3,360,288,8,384,2304,384,2304
16,3,6,0,biased,global,16,50000,10689,0.21378,-2.225801205582356,0.2102085506812766,0.2173954260337749,0.9008951592246401,-0.15056887127621466,0.0,0.0,0.26652,1,18,3,3,3,360,288,16,768,4608,768,4608
16,3,6,0,uniform,global,16,50000,11140,0.2228,-2.1661788622094176,0.2191739424073958,0.22646864841579017,0.9008951592246401,-0.15056887127621466,0.0,0.0,0.2771,1,18,3,3,3,360,288,16,768,4608,768,4608
16,3,6,0,biased,global,32,50000,6936,0.13872,-2.8497522912149766,0.13571800780318222,0.14177750162178399,0.9008951592246401,-0.15056887127621466,0.0,0.0,0.16806,1,18,3,3,3,360,288,32,1536,9216,1536,9216
16,3,6,0,uniform,global,32,50000,7092,0.14184,-2.817663653538123,0.13880944460867026,0.14492558543906528,0.9008951592246401,-0.15056887127621466,0.0,0.0,0.17118,1,18,3,3,3,360,288,32,1536,9216,1536,9216
16,3,6,0,oracle,none,0,50000,5118,0.10236,-3.2882760423973654,0.09973354926370478,0.10504754674975725,0.9008951592246401,-0.15056887127621466,0.0,0.0,0.11766,1,18,3,3,3,360,288,0,0,0,0,0
16,3,6,1,waterfall,none,0,50000,25843,0.51686,-0.9521545390235284,0.512478752424159,0.5212386570950369,0.5155499940412143,-0.9558157591308301,0.0,0.0,1.58342,3,19,4,3,3,360,288,0,0,0,0,0
16,3,6,1,biased,global,2,50000,16804,0.33608,-1.5731234039502944,0.3319523327722281,0.34023285296996747,0.5155499940412143,-0.9558157591308301,0.0,0.0,1.31998,3,19,4,3,3,360,288,2,96,576,48,288
16,3,6,1,uniform,global,2,50000,19934,0.39868,-1.3266968613217238,0.3943962535664608,0.40297931390181185,0.5155499940412143,-0.9558157591308301,0.0,0.0,1.41108,3,19,4,3,3,360,288,2,96,576,48,288
16,3,6,1,biased,global,4,50000,10759,0.21518,-2.216384102688436,0.21159990822838065,0.21880385338150332,0.5155499940412143,-0.9558157591308301,0.0,0.0,1.15932,2,19,4,3,3,360,288,4,192,1152,192,1152
16,3,6,1,uniform,global,4,50000,12442,0.24884,-2.0067096835215725,0.24506982593059398,0.2526487639364745,0.5155499940412143,-0.9558157591308301,0.0,0.0,1.2015,2,19,4,3,3,360,288,4,192,1152,192,1152
16,3,6,1,biased,global,8,50000,5163,0.10326,-3.275646591675452,0.10062316518227216,0.10595779254929641,0.5155499940412143,-0.9558157591308301,0.0,0.0,1.02128,2,19,4,3,3,360,288,8,384,2304,384,2304
16,3,6,1,uniform,global,8,50000,5706,0.11412,-3.131376442855092,0.1113626295697609,0.11693665956029323,0.5155499940412143,-0.9558157591308301,0.0,0.0,1.03348,2,19,4,3,3,360,288,8,384,2304,384,2304
16,3,6,1,biased,global,16,50000,2413,0.04826,-4.373028274221061,0.04641593538356832,0.0501734729081562,0.5155499940412143,-0.9558157591308301,0.0,0.0,0.9568,1,19,4,3,3,360,288,16,768,4608,768,4608
16,3,6,1,uniform,global,16,50000,2476,0.04952,-4.335844875222547,0.04765274041419388,0.0514564742828798,0.5155499940412143,-0.9558157591308301,0.0,0.0,0.95798,1,19,4,3,3,360,288,16,768,4608,768,4608
16,3,6,1,biased,global,32,50000,1299,0.02598,-5.266454758988931,0.024621660555969798,0.027411170980850618,0.5155499940412143,-0.9558157591308301,0.0,0.0,0.93144,1,19,4,3,3,360,288,32,1536,9216,1536,9216
16,3,6,1,uniform,global,32,50000,1288,0.02576,-5.278723596322195,0.024407434225505856,0.02718543111355519,0.5155499940412143,-0.9558157591308301,0.0,0.0,0.93152,1,19,4,3,3,360,288,32,1536,9216,1536,9216
16,3,6,1,oracle,none,0,50000,688,0.01376,-6.1833757197347134,0.01277562166777847,0.014819087429862052,0.5155499940412143,-0.9558157591308301,0.0,0.0,0.11814,1,19,4,3,3,360,288,0,0,0,0,0
16,3,6,2,waterfall,none,0,50000,7172,0.14344,-2.801480701568437,0.14039499250305076,0.14653979171020753,0.1419256167021533,-2.8167930843916746,0.0,0.0,1.58056,3,20,5,3,3,360,288,0,0,0,0,0
16,3,6,2,biased,global,2,50000,3569,0.07138,-3.808336288387789,0.06915609238432761,0.07366976359920042,0.1419256167021533,-2.8167930843916746,0.0,0.0,1.49722,3,20,5,3,3,360,288,2,96,576,48,288
16,3,6,2,uniform,global,2,50000,4792,0.09584,-3.383228281648026,0.09329072694214566,0.09845137084681121,0.1419256167021533,-2.8167930843916746,0.0,0.0,1.5256,3,20,5,3,3,360,288,2,96,576,48,288
16,3,6,2,biased,global,4,50000,1835,0.0367,-4.768076126706236,0.03508719649744374,0.03838398794837902,0.1419256167021533,-2.8167930843916746,0.0,0.0,1.45872,2,20,5,3,3,360,288,4,192,1152,192,1152
16,3,6,2,uniform,global,4,50000,2216,0.04432,-4.495898308387623,0.042550808414926596,0.04615920524419819,0.1419256167021533,-2.8167930843916746,0.0,0.0,1.4671,2,20,5,3,3,360,288,4,192,1152,192,1152
16,3,6,2,biased,global,8,50000,721,0.01442,-6.115785025195989,0.013411737570661322,0.015502870120257332,0.1419256167021533,-2.8167930843916746,0.0,0.0,1.43414,2,20,5,3,3,360,288,8,384,2304,384,2304
16,3,6,2,uniform,global,8,50000,782,0.01564,-5.998615677129459,0.014589042445392547,0.016765377796737195,0.1419256167021533,-2.8167930843916746,0.0,0.0,1.4354,2,20,5,3,3,360,288,8,384,2304,384,2304
16,3,6,2,biased,global,16,50000,269,0.00538,-7.538178111880187,0.004775713745881749,0.0060602829098334475,0.1419256167021533,-2.8167930843916746,0.0,0.0,1.42434,2,20,5,3,3,360,288,16,768,4608,768,4608
16,3,6,2,uniform,global,16,50000,295,0.0059,-7.405069330187608,0.005265631124710211,0.006610285634799875,0.1419256167021533,-2.8167930843916746,0.0,0.0,1.42492,2,20,5,3,3,360,288,16,768,4608,768,4608
16,3,6,2,biased,global,32,50000,123,0.00246,-8.667125969097572,0.0020623541833750597,0.002934091120261143,0.1419256167021533,-2.8167930843916746,-0.6671259690975719,-0.4128706090469729,1.42126,2,20,5,3,3,360,288,32,1536,9216,1536,9216
16,3,6,2,uniform,global,32,50000,143,0.00286,-8.449769137658421,0.0024285699433098714,0.0033678139017070154,0.1419256167021533,-2.8167930843916746,-0.44976913765842225,-0.21397186434037144,1.42166,2,20,5,3,3,360,288,32,1536,9216,1536,9216
16,3,6,2,oracle,none,0,50000,46,0.00092,-10.086078518379798,0.000689859269070718,0.0012268226502498516,0.1419256167021533,-2.8167930843916746,-2.0860785183797987,-1.6708575768983152,0.11828,1,20,5,3,3,360,288,0,0,0,0,0
16,3,8,0,waterfall,none,0,50000,21855,0.4371,-1.1939647167637806,0.4327572009304689,0.4414524634374184,0.4377829213428655,-1.1917124212605936,0.0,0.0,0.52328,2,24,3,3,3,360,384,0,0,0,0,0
16,3,8,0,biased,global,2,50000,9059,0.18118,-2.4645043861550553,0.17782845589942994,0.18458052969309588,0.4377829213428655,-1.1917124212605936,0.0,0.0,0.2077,1,24,3,3,3,360,384,2,96,576,48,288
16,3,8,0,uniform,global,2,50000,13380,0.2676,-1.9018499789079883,0.26373752762239655,0.271498179835426,0.4377829213428655,-1.1917124212605936,0.0,0.0,0.31406,1,24,3,3,3,360,384,2,96,576,48,288
16,3,8,0,biased,global,4,50000,3838,0.07676,-3.7035014782414315,0.07445898484585593,0.07912604451924231,0.4377829213428655,-1.1917124212605936,0.0,0.0,0.0862,1,24,3,3,3,360,384,4,192,1152,192,1152
16,3,8,0,uniform,global,4,50000,5400,0.108,-3.2108967824986183,0.10530949827960479,0.1107507311673249,0.4377829213428655,-1.1917124212605936,0.0,0.0,0.1213,1,24,3,3,3,360,384,4,192,1152,192,1152
16,3,8,0,biased,global,8,50000,950,0.019,-5.717856771218502,0.017839757584288334,0.020234146405439146,0.4377829213428655,-1.1917124212605936,0.0,0.0,0.02072,0,24,3,3,3,360,384,8,384,2304,384,2304
16,3,8,0,uniform,global,8,50000,1242,0.02484,-5.33119101621633,0.023511871272984174,0.0262411354209013,0.4377829213428655,-1.1917124212605936,0.0,0.0,0.02704,0,24,3,3,3,360,384,8,384,2304,384,2304
16,3,8,0,biased,global,16,50000,211,0.00422,-7.888541285729627,0.0036886343977325865,0.004827540487978625,0.4377829213428655,-1.1917124212605936,0.0,0.0,0.00466,0,24,3,3,3,360,384,16,768,4608,768,4608
16,3,8,0,uniform,global,16,50000,233,0.00466,-7.745454329782532,0.004099909616497284,0.005296197664732681,0.4377829213428655,-1.1917124212605936,0.0,0.0,0.00506,0,24,3,3,3,360,384,16,768,4608,768,4608
16,3,8,0,biased,global,32,50000,63,0.00126,-9.632360550936895,0.0009850363889441088,0.0016115932905500423,0.4377829213428655,-1.1917124212605936,-1.6323605509368952,-1.2772965803364118,0.00144,0,24,3,3,3,360,384,32,1536,9216,1536,9216
16,3,8,0,uniform,global,32,50000,59,0.00118,-9.72699742507497,0.0009149845507677209,0.0015216574204502933,0.4377829213428655,-1.1917124212605936,-1.7269974250749704,-1.3601406915555883,0.00134,0,24,3,3,3,360,384,32,1536,9216,1536,9216
16,3,8,0,oracle,none,0,50000,26,0.00052,-10.90920075629572,0.00035490248723052647,0.000761840890709359,0.4377829213428655,-1.1917124212605936,-2.9092007562957196,-2.3582226549976255,0.00056,0,24,3,3,3,360,384,0,0,0,0,0
16,3,8,1,waterfall,none,0,50000,4013,0.08026,-3.6391750336568163,0.07791064848445955,0.08267384311771969,0.07997800528203161,-3.6442528901921696,0.0,0.0,0.52402,2,25,4,3,3,360,384,0,0,0,0,0
16,3,8,1,biased,global,2,50000,1245,0.0249,-5.327710447481368,0.023570262855331856,0.026302734619760716,0.07997800528203161,-3.6442528901921696,0.0,0.0,0.46382,1,25,4,3,3,360,384,2,96,576,48,288
16,3,8,1,uniform,global,2,50000,2167,0.04334,-4.5281570363431385,0.04159001908411347,0.045160145148628636,0.07997800528203161,-3.6442528901921696,0.0,0.0,0.48392,1,25,4,3,3,360,384,2,96,576,48,288
16,3,8,1,biased,global,4,50000,425,0.0085,-6.878321443411748,0.007732232063943274,0.009343285214541254,0.07997800528203161,-3.6442528901921696,0.0,0.0,0.44618,1,25,4,3,3,360,384,4,192,1152,192,1152
16,3,8,1,uniform,global,4,50000,655,0.0131,-6.2542893780119995,0.012140108705453912,0.014134701798908482,0.07997800528203161,-3.6442528901921696,0.0,0.0,0.4509,1,25,4,3,3,360,384,4,192,1152,192,1152
16,3,8,1,biased,global,8,50000,93,0.00186,-9.07048166332878,0.001518676847799724,0.002277860643765453,0.07997800528203161,-3.6442528901921696,-1.0704816633287804,-0.7781047969217264,0.439,1,25,4,3,3,360,384,8,384,2304,384,2304
16,3,8,1,uniform,global,8,50000,114,0.00228,-8.776750460272071,0.0018984511356400714,0.0027380218243748225,0.07997800528203161,-3.6442528901921696,-0.7767504602720702,-0.5126503385075303,0.43944,1,25,4,3,3,360,384,8,384,2304,384,2304
16,3,8,1,biased,global,16,50000,25,0.0005,-10.965784284662087,0.00033871117174399457,0.0007380352791268567,0.07997800528203161,-3.6442528901921696,-2.965784284662087,-2.4040225987585355,0.43754,1,25,4,3,3,360,384,16,768,4608,768,4608
16,3,8,1,uniform,global,16,50000,20,0.0004,-11.287712379549449,0.00025896487722254816,0.0006177969383031321,0.07997800528203161,-3.6442528901921696,-3.287712379549449,-2.6605796583181704,0.43742,1,25,4,3,3,360,384,16,768,4608,768,4608
16,3,8,1,biased,global,32,50000,10,0.0002,-12.287712379549449,0.00010864321606212385,0.0003681493287732145,0.07997800528203161,-3.6442528901921696,-4.28771237954945,-3.4074213084244804,0.43724,1,25,4,3,3,360,384,32,1536,9216,1536,9216
16,3,8,1,uniform,global,32,50000,10,0.0002,-12.287712379549449,0.00010864321606212385,0.0003681493287732145,0.07997800528203161,-3.6442528901921696,-4.28771237954945,-3.4074213084244804,0.43722,1,25,4,3,3,360,384,32,1536,9216,1536,9216
16,3,8,1,oracle,none,0,50000,2,4e-05,-14.609640474436812,1.0969511301390654e-05,0.00014584761698167403,0.07997800528203161,-3.6442528901921696,-6.609640474436811,-4.743250565454653,0.00074,0,25,4,3,3,360,384,0,0,0,0,0
16,3,8,2,waterfall,none,0,50000,295,0.0059,-7.405069330187608,0.005265631124710211,0.006610285634799875,0.006503025070218051,-7.26467329904945,0.0,0.0,0.52352,2,26,5,3,3,360,384,0,0,0,0,0
16,3,8,2,biased,global,2,50000,81,0.00162,-9.269790471552188,0.0013037198448774948,0.002012854521859271,0.006503025070218051,-7.26467329904945,-1.269790471552187,-0.9565413787597725,0.51898,2,26,5,3,3,360,384,2,96,576,48,288
16,3,8,2,uniform,global,2,50000,140,0.0028,-8.480357457491845,0.002373479576989048,0.003302913486820736,0.006503025070218051,-7.26467329904945,-0.4803574574918453,-0.24204510304024845,0.52026,2,26,5,3,3,360,384,2,96,576,48,288
16,3,8,2,biased,global,4,50000,24,0.00048,-11.024677973715656,0.00032259403287430934,0.0007141554909275077,0.006503025070218051,-7.26467329904945,-3.0246779737156557,-2.4514741574416647,0.51782,2,26,5,3,3,360,384,4,192,1152,192,1152
16,3,8,2,uniform,global,4,50000,38,0.00076,-10.361712960993227,0.0005537877445791476,0.0010429187581891485,0.006503025070218051,-7.26467329904945,-2.361712960993226,-1.9051575062125012,0.5181,2,26,5,3,3,360,384,4,192,1152,192,1152
16,3,8,2,biased,global,8,50000,3,6e-05,-14.024677973715656,2.040561961297866e-05,0.00017640843573912024,0.006503025070218051,-7.26467329904945,-6.024677973715655,-4.468792828245825,0.51738,2,26,5,3,3,360,384,8,384,2304,384,2304
16,3,8,2,uniform,global,8,50000,5,0.0001,-13.287712379549449,4.271475513603366e-05,0.0002340931543541336,0.006503025070218051,-7.26467329904945,-5.28771237954945,-4.060629633581999,0.51742,2,26,5,3,3,360,384,8,384,2304,384,2304
16,3,8,2,biased,global,16,50000,0,0.0,-inf,0.0,7.682327414499629e-05,0.006503025070218051,-7.26467329904945,-inf,-5.668097022777023,0.51732,2,26,5,3,3,360,384,16,768,4608,768,4608
16,3,8,2,uniform,global,16,50000,0,0.0,-inf,0.0,7.682327414499629e-05,0.006503025070218051,-7.26467329904945,-inf,-5.668097022777023,0.51732,2,26,5,3,3,360,384,16,768,4608,768,4608
16,3,8,2,biased,global,32,50000,0,0.0,-inf,0.0,7.682327414499629e-05,0.006503025070218051,-7.26467329904945,-inf,-5.668097022777023,0.51732,2,26,5,3,3,360,384,32,1536,9216,1536,9216
16,3,8,2,uniform,global,32,50000,0,0.0,-inf,0.0,7.682327414499629e-05,0.006503025070218051,-7.26467329904945,-inf,-5.668097022777023,0.51732,2,26,5,3,3,360,384,32,1536,9216,1536,9216
16,3,8,2,oracle,none,0,50000,0,0.0,-inf,0.0,7.682327414499629e-05,0.006503025070218051,-7.26467329904945,-inf,-5.668097022777023,0.0006,0,26,5,3,3,360,384,0,0,0,0,0
16,3,10,0,waterfall,none,0,50000,8848,0.17696,-2.4985048042021045,0.17363973794587248,0.18032989603508712,0.17507766741477812,-2.5139330269055415,0.0,0.0,0.18964,1,30,3,3,4,360,480,0,0,0,0,0
16,3,10,0,biased,global,2,50000,1929,0.03858,-4.696003046387708,0.036927030358158766,0.04030386523215321,0.17507766741477812,-2.5139330269055415,0.0,0.0,0.04092,0,30,3,3,4,360,480,2,96,768,48,384
16,3,10,0,uniform,global,2,50000,4193,0.08386,-3.575873359590422,0.08146232684443133,0.08632161163017407,0.17507766741477812,-2.5139330269055415,0.0,0.0,0.08982,1,30,3,3,4,360,480,2,96,768,48,384
16,3,10,0,biased,global,4,50000,510,0.0102,-6.6152870375779536,0.009356140335730899,0.01111911574362154,0.17507766741477812,-2.5139330269055415,0.0,0.0,0.01066,0,30,3,3,4,360,480,4,192,1536,192,1536
16,3,10,0,uniform,global,4,50000,896,0.01792,-5.802285552379208,0.016793688635611575,0.01912038129238806,0.17507766741477812,-2.5139330269055415,0.0,0.0,0.01864,0,30,3,3,4,360,480,4,192,1536,192,1536
16,3,10,0,biased,global,8,50000,76,0.00152,-9.361712960993227,0.0012146957083242044,0.0019018940230673912,0.17507766741477812,-2.5139330269055415,-1.3617129609932261,-1.038347425768954,0.00154,0,30,3,3,4,360,480,8,384,3072,384,3072
16,3,10,0,uniform,global,8,50000,87,0.00174,-9.166696978588083,0.0014109836555540496,0.002145572273596922,0.17507766741477812,-2.5139330269055415,-1.1666969785880834,-0.8644217855782584,0.00178,0,30,3,3,4,360,480,8,384,3072,384,3072
16,3,10,0,biased,global,16,50000,9,0.00018,-12.4397154729945,9.470426823108684e-05,0.00034209134953521727,0.17507766741477812,-2.5139330269055415,-4.439715472994499,-3.513330756415378,0.00018,0,30,3,3,4,360,480,16,768,6144,768,6144
16,3,10,0,uniform,global,16,50000,11,0.00022,-12.150208855799514,0.00012285301612294445,0.000393936455781428,0.17507766741477812,-2.5139330269055415,-4.150208855799514,-3.3097494461176975,0.00024,0,30,3,3,4,360,480,16,768,6144,768,6144
16,3,10,0,biased,global,32,50000,2,4e-05,-14.609640474436812,1.0969511301390654e-05,0.00014584761698167403,0.17507766741477812,-2.5139330269055415,-6.609640474436811,-4.743250565454653,4e-05,0,30,3,3,4,360,480,32,1536,12288,1536,12288
16,3,10,0,uniform,global,32,50000,2,4e-05,-14.609640474436812,1.0969511301390654e-05,0.00014584761698167403,0.17507766741477812,-2.5139330269055415,-6.609640474436811,-4.743250565454653,4e-05,0,30,3,3,4,360,480,32,1536,12288,1536,12288
16,3,10,0,oracle,none,0,50000,1,2e-05,-15.609640474436812,3.5304998228322403e-06,0.00011328970139119826,0.17507766741477812,-2.5139330269055415,-7.609640474436811,-5.107695660731253,2e-05,0,30,3,3,4,360,480,0,0,0,0,0
16,3,10,1,waterfall,none,0,50000,655,0.0131,-6.2542893780119995,0.012140108705453912,0.014134701798908482,0.012862003294866975,-6.280740825609319,0.0,0.0,0.18836,1,31,4,3,4,360,480,0,0,0,0,0
16,3,10,1,biased,global,2,50000,113,0.00226,-8.789461512021624,0.0018802782541554879,0.002716197778790372,0.012862003294866975,-6.280740825609319,-0.7894615120216241,-0.5241957520265866,0.17716,1,31,4,3,4,360,480,2,96,768,48,384
16,3,10,1,uniform,global,2,50000,291,0.00582,-7.424765131528528,0.005190169218611863,0.006525759832622085,0.012862003294866975,-6.280740825609319,0.0,0.0,0.18074,1,31,4,3,4,360,480,2,96,768,48,384
16,3,10,1,biased,global,4,50000,33,0.00066,-10.565246355078358,0.00047001589226615935,0.0009267059751569656,0.012862003294866975,-6.280740825609319,-2.5652463550783584,-2.0756007057136845,0.17542,1,31,4,3,4,360,480,4,192,1536,192,1536
16,3,10,1,uniform,global,4,50000,39,0.00078,-10.324238255574564,0.0005706699259427497,0.0010660335038945802,0.012862003294866975,-6.280740825609319,-2.3242382555745635,-1.8735315040293608,0.17556,1,31,4,3,4,360,480,4,192,1536,192,1536
16,3,10,1,biased,global,8,50000,3,6e-05,-14.024677973715656,2.040561961297866e-05,0.00017640843573912024,0.012862003294866975,-6.280740825609319,-6.024677973715655,-4.468792828245825,0.17482,1,31,4,3,4,360,480,8,384,3072,384,3072
16,3,10,1,uniform,global,8,50000,4,8e-05,-13.609640474436812,3.111086355359054e-05,0.00020570011886754256,0.012862003294866975,-6.280740825609319,-5.609640474436811,-4.24716975199888,0.17484,1,31,4,3,4,360,480,8,384,3072,384,3072
16,3,10,1,biased,global,16,50000,0,0.0,-inf,0.0,7.682327414499629e-05,0.012862003294866975,-6.280740825609319,-inf,-5.668097022777023,0.17476,1,31,4,3,4,360,480,16,768,6144,768,6144
16,3,10,1,uniform,global,16,50000,2,4e-05,-14.609640474436812,1.0969511301390654e-05,0.00014584761698167403,0.012862003294866975,-6.280740825609319,-6.609640474436811,-4.743250565454653,0.1748,1,31,4,3,4,360,480,16,768,6144,768,6144
16,3,10,1,biased,global,32,50000,0,0.0,-inf,0.0,7.682327414499629e-05,0.012862003294866975,-6.280740825609319,-inf,-5.668097022777023,0.17476,1,31,4,3,4,360,480,32,1536,12288,1536,12288
16,3,10,1,uniform,global,32,50000,0,0.0,-inf,0.0,7.682327414499629e-05,0.012862003294866975,-6.280740825609319,-inf,-5.668097022777023,0.17476,1,31,4,3,4,360,480,32,1536,12288,1536,12288
16,3,10,1,oracle,none,0,50000,0,0.0,-inf,0.0,7.682327414499629e-05,0.012862003294866975,-6.280740825609319,-inf,-5.668097022777023,0.0,0,31,4,3,4,360,480,0,0,0,0,0
16,3,10,2,waterfall,none,0,50000,25,0.0005,-10.965784284662087,0.00033871117174399457,0.0007380352791268567,0.000437726550415301,-11.157682485883683,-2.965784284662087,-2.4040225987585355,0.18716,1,32,5,3,4,360,480,0,0,0,0,0
16,3,10,2,biased,global,2,50000,4,8e-05,-13.609640474436812,3.111086355359054e-05,0.00020570011886754256,0.000437726550415301,-11.157682485883683,-5.609640474436811,-4.24716975199888,0.18674,1,32,5,3,4,360,480,2,96,768,48,384
16,3,10,2,uniform,global,2,50000,9,0.00018,-12.4397154729945,9.470426823108684e-05,0.00034209134953521727,0.000437726550415301,-11.157682485883683,-4.439715472994499,-3.513330756415378,0.18684,1,32,5,3,4,360,480,2,96,768,48,384
16,3,10,2,biased,global,4,50000,0,0.0,-inf,0.0,7.682327414499629e-05,0.000437726550415301,-11.157682485883683,-inf,-5.668097022777023,0.18666,1,32,5,3,4,360,480,4,192,1536,192,1536
16,3,10,2,uniform,global,4,50000,1,2e-05,-15.609640474436812,3.5304998228322403e-06,0.00011328970139119826,0.000437726550415301,-11.157682485883683,-7.609640474436811,-5.107695660731253,0.18668,1,32,5,3,4,360,480,4,192,1536,192,1536
16,3,10,2,biased,global,8,50000,0,0.0,-inf,0.0,7.682327414499629e-05,0.000437726550415301,-11.157682485883683,-inf,-5.668097022777023,0.18666,1,32,5,3,4,360,480,8,384,3072,384,3072
16,3,10,2,uniform,global,8,50000,0,0.0,-inf,0.0,7.682327414499629e-05,0.000437726550415301,-11.157682485883683,-inf,-5.668097022777023,0.18666,1,32,5,3,4,360,480,8,384,3072,384,3072
16,3,10,2,biased,global,16,50000,0,0.0,-inf,0.0,7.682327414499629e-05,0.000437726550415301,-11.157682485883683,-inf,-5.668097022777023,0.18666,1,32,5,3,4,360,480,16,768,6144,768,6144
16,3,10,2,uniform,global,16,50000,0,0.0,-inf,0.0,7.682327414499629e-05,0.000437726550415301,-11.157682485883683,-inf,-5.668097022777023,0.18666,1,32,5,3,4,360,480,16,768,6144,768,6144
16,3,10,2,biased,global,32,50000,0,0.0,-inf,0.0,7.682327414499629e-05,0.000437726550415301,-11.157682485883683,-inf,-5.668097022777023,0.18666,1,32,5,3,4,360,480,32,1536,12288,1536,12288
16,3,10,2,uniform,global,32,50000,0,0.0,-inf,0.0,7.682327414499629e-05,0.000437726550415301,-11.157682485883683,-inf,-5.668097022777023,0.18666,1,32,5,3,4,360,480,32,1536,12288,1536,12288
16,3,10,2,oracle,none,0,50000,0,0.0,-inf,0.0,7.682327414499629e-05,0.000437726550415301,-11.157682485883683,-inf,-5.668097022777023,0.0,0,32,5,3,4,360,480,0,0,0,0,0
16,3,12,0,waterfall,none,0,50000,3489,0.06978,-3.841042592242437,0.06757972405703708,0.07204637776096823,0.07227561937853655,-3.7903471225924377,0.0,0.0,0.07188,1,36,3,3,4,360,576,0,0,0,0,0
16,3,12,0,biased,global,2,50000,443,0.00886,-6.818477585881793,0.008075510063826938,0.009719951901900205,0.07227561937853655,-3.7903471225924377,0.0,0.0,0.0091,0,36,3,3,4,360,576,2,96,768,48,384
16,3,12,0,uniform,global,2,50000,1502,0.03004,-5.05697137692254,0.028579524700305094,0.03157268303152927,0.07227561937853655,-3.7903471225924377,0.0,0.0,0.03088,0,36,3,3,4,360,576,2,96,768,48,384
16,3,12,0,biased,global,4,50000,81,0.00162,-9.269790471552188,0.0013037198448774948,0.002012854521859271,0.07227561937853655,-3.7903471225924377,-1.269790471552187,-0.9565413787597725,0.00164,0,36,3,3,4,360,576,4,192,1536,192,1536
16,3,12,0,uniform,global,4,50000,158,0.00316,-8.305859726259708,0.002704761049411919,0.0036915767016404803,0.07227561937853655,-3.7903471225924377,-0.3058597262597088,-0.08154715027414056,0.00326,0,36,3,3,4,360,576,4,192,1536,192,1536
16,3,12,0,biased,global,8,50000,8,0.00016,-12.609640474436812,8.107813281405096e-05,0.0003157205578832189,0.07227561937853655,-3.7903471225924377,-4.609640474436811,-3.6290641759446474,0.00016,0,36,3,3,4,360,576,8,384,3072,384,3072
16,3,12,0,uniform,global,8,50000,14,0.00028,-11.802285552379209,0.00016680419174359363,0.00046997606136788136,0.07227561937853655,-3.7903471225924377,-3.8022855523792076,-3.055125105791924,0.00028,0,36,3,3,4,360,576,8,384,3072,384,3072
16,3,12,0,biased,global,16,50000,0,0.0,-inf,0.0,7.682327414499629e-05,0.07227561937853655,-3.7903471225924377,-inf,-5.668097022777023,0.0,0,36,3,3,4,360,576,16,768,6144,768,6144
16,3,12,0,uniform,global,16,50000,0,0.0,-inf,0.0,7.682327414499629e-05,0.07227561937853655,-3.7903471225924377,-inf,-5.668097022777023,0.0,0,36,3,3,4,360,576,16,768,6144,768,6144
16,3,12,0,biased,global,32,50000,0,0.0,-inf,0.0,7.682327414499629e-05,0.07227561937853655,-3.7903471225924377,-inf,-5.668097022777023,0.0,0,36,3,3,4,360,576,32,1536,12288,1536,12288
16,3,12,0,uniform,global,32,50000,0,0.0,-inf,0.0,7.682327414499629e-05,0.07227561937853655,-3.7903471225924377,-inf,-5.668097022777023,0.0,0,36,3,3,4,360,576,32,1536,12288,1536,12288
16,3,12,0,oracle,none,0,50000,0,0.0,-inf,0.0,7.682327414499629e-05,0.07227561937853655,-3.7903471225924377,-inf,-5.668097022777023,0.0,0,36,3,3,4,360,576,0,0,0,0,0
16,3,12,1,waterfall,none,0,50000,137,0.00274,-8.511608391476285,0.002318442139278494,0.003237960143324187,0.002573748491379901,-8.601913205449772,-0.5116083914762851,-0.27069905732378113,0.07416,1,37,4,3,4,360,576,0,0,0,0,0
16,3,12,1,biased,global,2,50000,13,0.00026,-11.90920075629572,0.00015195813607502622,0.00044482518996741456,0.002573748491379901,-8.601913205449772,-3.9092007562957196,-3.134473890921344,0.07164,1,37,4,3,4,360,576,2,96,768,48,384
16,3,12,1,uniform,global,2,50000,58,0.00116,-9.75165947930924,0.0008975231864557821,0.0014991218576931977,0.002573748491379901,-8.601913205449772,-1.7516594793092397,-1.3816666256296226,0.07256,1,37,4,3,4,360,576,2,96,768,48,384
16,3,12,1,biased,global,4,50000,3,6e-05,-14.024677973715656,2.040561961297866e-05,0.00017640843573912024,0.002573748491379901,-8.601913205449772,-6.024677973715655,-4.468792828245825,0.07144,1,37,4,3,4,360,576,4,192,1536,192,1536
16,3,12,1,uniform,global,4,50000,6,0.00012,-13.024677973715656,5.4998199932507755e-05,0.0002618066366266937,0.002573748491379901,-8.601913205449772,-5.024677973715655,-3.899210710428775,0.0715,1,37,4,3,4,360,576,4,192,1536,192,1536
16,3,12,1,biased,global,8,50000,0,0.0,-inf,0.0,7.682327414499629e-05,0.002573748491379901,-8.601913205449772,-inf,-5.668097022777023,0.07138,1,37,4,3,4,360,576,8,384,3072,384,3072
16,3,12,1,uniform,global,8,50000,1,2e-05,-15.609640474436812,3.5304998228322403e-06,0.00011328970139119826,0.002573748491379901,-8.601913205449772,-7.609640474436811,-5.107695660731253,0.0714,1,37,4,3,4,360,576,8,384,3072,384,3072
16,3,12,1,biased,global,16,50000,0,0.0,-inf,0.0,7.682327414499629e-05,0.002573748491379901,-8.601913205449772,-inf,-5.668097022777023,0.07138,1,37,4,3,4,360,576,16,768,6144,768,6144
16,3,12,1,uniform,global,16,50000,0,0.0,-inf,0.0,7.682327414499629e-05,0.002573748491379901,-8.601913205449772,-inf,-5.668097022777023,0.07138,1,37,4,3,4,360,576,16,768,6144,768,6144
16,3,12,1,biased,global,32,50000,0,0.0,-inf,0.0,7.682327414499629e-05,0.002573748491379901,-8.601913205449772,-inf,-5.668097022777023,0.07138,1,37,4,3,4,360,576,32,1536,12288,1536,12288
16,3,12,1,uniform,global,32,50000,0,0.0,-inf,0.0,7.682327414499629e-05,0.002573748491379901,-8.601913205449772,-inf,-5.668097022777023,0.07138,1,37,4,3,4,360,576,32,1536,12288,1536,12288
16,3,12,1,oracle,none,0,50000,0,0.0,-inf,0.0,7.682327414499629e-05,0.002573748491379901,-8.601913205449772,-inf,-5.668097022777023,0.0,0,37,4,3,4,360,576,0,0,0,0,0
16,3,12,2,waterfall,none,0,50000,2,4e-05,-14.609640474436812,1.0969511301390654e-05,0.00014584761698167403,4.429233507764895e-05,-14.462583416790428,-6.609640474436811,-4.743250565454653,0.0762,1,38,5,3,4,360,576,0,0,0,0,0
16,3,12,2,biased,global,2,50000,0,0.0,-inf,0.0,7.682327414499629e-05,4.429233507764895e-05,-14.462583416790428,-inf,-5.668097022777023,0.07616,1,38,5,3,4,360,576,2,96,768,48,384
16,3,12,2,uniform,global,2,50000,0,0.0,-inf,0.0,7.682327414499629e-05,4.429233507764895e-05,-14.462583416790428,-inf,-5.668097022777023,0.07616,1,38,5,3,4,360,576,2,96,768,48,384
16,3,12,2,biased,global,4,50000,0,0.0,-inf,0.0,7.682327414499629e-05,4.429233507764895e-05,-14.462583416790428,-inf,-5.668097022777023,0.07616,1,38,5,3,4,360,576,4,192,1536,192,1536
16,3,12,2,uniform,global,4,50000,0,0.0,-inf,0.0,7.682327414499629e-05,4.429233507764895e-05,-14.462583416790428,-inf,-5.668097022777023,0.07616,1,38,5,3,4,360,576,4,192,1536,192,1536
16,3,12,2,biased,global,8,50000,0,0.0,-inf,0.0,7.682327414499629e-05,4.429233507764895e-05,-14.462583416790428,-inf,-5.668097022777023,0.07616,1,38,5,3,4,360,576,8,384,3072,384,3072
16,3,12,2,uniform,global,8,50000,0,0.0,-inf,0.0,7.682327414499629e-05,4.429233507764895e-05,-14.462583416790428,-inf,-5.668097022777023,0.07616,1,38,5,3,4,360,576,8,384,3072,384,3072
16,3,12,2,biased,global,16,50000,0,0.0,-inf,0.0,7.682327414499629e-05,4.429233507764895e-05,-14.462583416790428,-inf,-5.668097022777023,0.07616,1,38,5,3,4,360,576,16,768,6144,768,6144
16,3,12,2,uniform,global,16,50000,0,0.0,-inf,0.0,7.682327414499629e-05,4.429233507764895e-05,-14.462583416790428,-inf,-5.668097022777023,0.07616,1,38,5,3,4,360,576,16,768,6144,768,6144
16,3,12,2,biased,global,32,50000,0,0.0,-inf,0.0,7.682327414499629e-05,4.429233507764895e-05,-14.462583416790428,-inf,-5.668097022777023,0.07616,1,38,5,3,4,360,576,32,1536,12288,1536,12288
16,3,12,2,uniform,global,32,50000,0,0.0,-inf,0.0,7.682327414499629e-05,4.429233507764895e-05,-14.462583416790428,-inf,-5.668097022777023,0.07616,1,38,5,3,4,360,576,32,1536,12288,1536,12288
16,3,12,2,oracle,none,0,50000,0,0.0,-inf,0.0,7.682327414499629e-05,4.429233507764895e-05,-14.462583416790428,-inf,-5.668097022777023,0.0,0,38,5,3,4,360,576,0,0,0,0,0
16,3,16,0,waterfall,none,0,50000,801,0.01602,-5.963982042028102,0.01495610176784197,0.017158260088599414,0.015391042136667813,-6.021765269057238,0.0,0.0,0.01634,0,48,3,3,4,360,768,0,0,0,0,0
16,3,16,0,biased,global,2,50000,57,0.00114,-9.776750460272071,0.0008800835072039878,0.0014765646098759575,0.015391042136667813,-6.021765269057238,-1.77675046027207,-1.4035397989601044,0.00114,0,48,3,3,4,360,768,2,96,768,48,384
16,3,16,0,uniform,global,2,50000,323,0.00646,-7.274250119742887,0.005794701332086424,0.007201129385356619,0.015391042136667813,-6.021765269057238,0.0,0.0,0.00658,0,48,3,3,4,360,768,2,96,768,48,384
16,3,16,0,biased,global,4,50000,4,8e-05,-13.609640474436812,3.111086355359054e-05,0.00020570011886754256,0.015391042136667813,-6.021765269057238,-5.609640474436811,-4.24716975199888,8e-05,0,48,3,3,4,360,768,4,192,1536,192,1536
16,3,16,0,uniform,global,4,50000,20,0.0004,-11.287712379549449,0.00025896487722254816,0.0006177969383031321,0.015391042136667813,-6.021765269057238,-3.287712379549449,-2.6605796583181704,0.00042,0,48,3,3,4,360,768,4,192,1536,192,1536
16,3,16,0,biased,global,8,50000,2,4e-05,-14.609640474436812,1.0969511301390654e-05,0.00014584761698167403,0.015391042136667813,-6.021765269057238,-6.609640474436811,-4.743250565454653,4e-05,0,48,3,3,4,360,768,8,384,3072,384,3072
16,3,16,0,uniform,global,8,50000,1,2e-05,-15.609640474436812,3.5304998228322403e-06,0.00011328970139119826,0.015391042136667813,-6.021765269057238,-7.609640474436811,-5.107695660731253,2e-05,0,48,3,3,4,360,768,8,384,3072,384,3072
16,3,16,0,biased,global,16,50000,0,0.0,-inf,0.0,7.682327414499629e-05,0.015391042136667813,-6.021765269057238,-inf,-5.668097022777023,0.0,0,48,3,3,4,360,768,16,768,6144,768,6144
16,3,16,0,uniform,global,16,50000,0,0.0,-inf,0.0,7.682327414499629e-05,0.015391042136667813,-6.021765269057238,-inf,-5.668097022777023,0.0,0,48,3,3,4,360,768,16,768,6144,768,6144
16,3,16,0,biased,global,32,50000,0,0.0,-inf,0.0,7.682327414499629e-05,0.015391042136667813,-6.021765269057238,-inf,-5.668097022777023,0.0,0,48,3,3,4,360,768,32,1536,12288,1536,12288
16,3,16,0,uniform,global,32,50000,0,0.0,-inf,0.0,7.682327414499629e-05,0.015391042136667813,-6.021765269057238,-inf,-5.668097022777023,0.0,0,48,3,3,4,360,768,32,1536,12288,1536,12288
16,3,16,0,oracle,none,0,50000,0,0.0,-inf,0.0,7.682327414499629e-05,0.015391042136667813,-6.021765269057238,-inf,-5.668097022777023,0.0,0,48,3,3,4,360,768,0,0,0,0,0
16,3,16,1,waterfall,none,0,50000,5,0.0001,-13.287712379549449,4.271475513603366e-05,0.0002340931543541336,0.0001831725945223524,-12.414508709653237,-5.28771237954945,-4.060629633581999,0.01624,0,49,4,3,4,360,768,0,0,0,0,0
16,3,16,1,biased,global,2,50000,1,2e-05,-15.609640474436812,3.5304998228322403e-06,0.00011328970139119826,0.0001831725945223524,-12.414508709653237,-7.609640474436811,-5.107695660731253,0.01614,0,49,4,3,4,360,768,2,96,768,48,384
16,3,16,1,uniform,global,2,50000,3,6e-05,-14.024677973715656,2.040561961297866e-05,0.00017640843573912024,0.0001831725945223524,-12.414508709653237,-6.024677973715655,-4.468792828245825,0.01618,0,49,4,3,4,360,768,2,96,768,48,384
16,3,16,1,biased,global,4,50000,0,0.0,-inf,0.0,7.682327414499629e-05,0.0001831725945223524,-12.414508709653237,-inf,-5.668097022777023,0.01612,0,49,4,3,4,360,768,4,192,1536,192,1536
16,3,16,1,uniform,global,4,50000,1,2e-05,-15.609640474436812,3.5304998228322403e-06,0.00011328970139119826,0.0001831725945223524,-12.414508709653237,-7.609640474436811,-5.107695660731253,0.01614,0,49,4,3,4,360,768,4,192,1536,192,1536
16,3,16,1,biased,global,8,50000,0,0.0,-inf,0.0,7.682327414499629e-05,0.0001831725945223524,-12.414508709653237,-inf,-5.668097022777023,0.01612,0,49,4,3,4,360,768,8,384,3072,384,3072
16,3,16,1,uniform,global,8,50000,0,0.0,-inf,0.0,7.682327414499629e-05,0.0001831725945223524,-12.414508709653237,-inf,-5.668097022777023,0.01612,0,49,4,3,4,360,768,8,384,3072,384,3072
16,3,16,1,biased,global,16,50000,0,0.0,-inf,0.0,7.682327414499629e-05,0.0001831725945223524,-12.414508709653237,-inf,-5.668097022777023,0.01612,0,49,4,3,4,360,768,16,768,6144,768,6144
16,3,16,1,uniform,global,16,50000,0,0.0,-inf,0.0,7.682327414499629e-05,0.0001831725945223524,-12.414508709653237,-inf,-5.668097022777023,0.01612,0,49,4,3,4,360,768,16,768,6144,768,6144
16,3,16,1,biased,global,32,50000,0,0.0,-inf,0.0,7.682327414499629e-05,0.0001831725945223524,-12.414508709653237,-inf,-5.668097022777023,0.01612,0,49,4,3,4,360,768,32,1536,12288,1536,12288
16,3,16,1,uniform,global,32,50000,0,0.0,-inf,0.0,7.682327414499629e-05,0.0001831725945223524,-12.414508709653237,-inf,-5.668097022777023,0.01612,0,49,4,3,4,360,768,32,1536,12288,1536,12288
16,3,16,1,oracle,none,0,50000,0,0.0,-inf,0.0,7.682327414499629e-05,0.0001831725945223524,-12.414508709653237,-inf,-5.668097022777023,0.0,0,49,4,3,4,360,768,0,0,0,0,0
16,3,16,2,waterfall,none,0,50000,0,0.0,-inf,0.0,7.682327414499629e-05,1.117469311177168e-06,-19.77133335779966,-inf,-5.668097022777023,0.01584,0,50,5,3,4,360,768,0,0,0,0,0
16,3,16,2,biased,global,2,50000,0,0.0,-inf,0.0,7.682327414499629e-05,1.117469311177168e-06,-19.77133335779966,-inf,-5.668097022777023,0.01584,0,50,5,3,4,360,768,2,96,768,48,384
16,3,16,2,uniform,global,2,50000,0,0.0,-inf,0.0,7.682327414499629e-05,1.117469311177168e-06,-19.77133335779966,-inf,-5.668097022777023,0.01584,0,50,5,3,4,360,768,2,96,768,48,384
16,3,16,2,biased,global,4,50000,0,0.0,-inf,0.0,7.682327414499629e-05,1.117469311177168e-06,-19.77133335779966,-inf,-5.668097022777023,0.01584,0,50,5,3,4,360,768,4,192,1536,192,1536
16,3,16,2,uniform,global,4,50000,0,0.0,-inf,0.0,7.682327414499629e-05,1.117469311177168e-06,-19.77133335779966,-inf,-5.668097022777023,0.01584,0,50,5,3,4,360,768,4,192,1536,192,1536
16,3,16,2,biased,global,8,50000,0,0.0,-inf,0.0,7.682327414499629e-05,1.117469311177168e-06,-19.77133335779966,-inf,-5.668097022777023,0.01584,0,50,5,3,4,360,768,8,384,3072,384,3072
16,3,16,2,uniform,global,8,50000,0,0.0,-inf,0.0,7.682327414499629e-05,1.117469311177168e-06,-19.77133335779966,-inf,-5.668097022777023,0.01584,0,50,5,3,4,360,768,8,384,3072,384,3072
16,3,16,2,biased,global,16,50000,0,0.0,-inf,0.0,7.682327414499629e-05,1.117469311177168e-06,-19.77133335779966,-inf,-5.668097022777023,0.01584,0,50,5,3,4,360,768,16,768,6144,768,6144
16,3,16,2,uniform,global,16,50000,0,0.0,-inf,0.0,7.682327414499629e-05,1.117469311177168e-06,-19.77133335779966,-inf,-5.668097022777023,0.01584,0,50,5,3,4,360,768,16,768,6144,768,6144
16,3,16,2,biased,global,32,50000,0,0.0,-inf,0.0,7.682327414499629e-05,1.117469311177168e-06,-19.77133335779966,-inf,-5.668097022777023,0.01584,0,50,5,3,4,360,768,32,1536,12288,1536,12288
16,3,16,2,uniform,global,32,50000,0,0.0,-inf,0.0,7.682327414499629e-05,1.117469311177168e-06,-19.77133335779966,-inf,-5.668097022777023,0.01584,0,50,5,3,4,360,768,32,1536,12288,1536,12288
16,3,16,2,oracle,none,0,50000,0,0.0,-inf,0.0,7.682327414499629e-05,1.117469311177168e-06,-19.77133335779966,-inf,-5.668097022777023,0.0,0,50,5,3,4,360,768,0,0,0,0,0
